-- phpMyAdmin SQL Dump
-- version 4.2.7.1
-- http://www.phpmyadmin.net
--
-- Servidor: 127.0.0.1
-- Tiempo de generación: 03-11-2016 a las 15:03:18
-- Versión del servidor: 5.5.39
-- Versión de PHP: 5.4.31

SET SQL_MODE = "NO_AUTO_VALUE_ON_ZERO";
SET time_zone = "+00:00";


/*!40101 SET @OLD_CHARACTER_SET_CLIENT=@@CHARACTER_SET_CLIENT */;
/*!40101 SET @OLD_CHARACTER_SET_RESULTS=@@CHARACTER_SET_RESULTS */;
/*!40101 SET @OLD_COLLATION_CONNECTION=@@COLLATION_CONNECTION */;
/*!40101 SET NAMES utf8 */;

--
-- Base de datos: `modelo_del_estudiante`
--
CREATE DATABASE IF NOT EXISTS `modelo_del_estudiante` DEFAULT CHARACTER SET latin1 COLLATE latin1_swedish_ci;
USE `modelo_del_estudiante`;

-- --------------------------------------------------------

--
-- Estructura de tabla para la tabla `alumnos`
--

DROP TABLE IF EXISTS `alumnos`;
CREATE TABLE IF NOT EXISTS `alumnos` (
  `dni` bigint(20) NOT NULL,
  `legajo` bigint(20) NOT NULL,
  `apellido` varchar(40) NOT NULL,
  `nombre` varchar(40) NOT NULL
) ENGINE=InnoDB DEFAULT CHARSET=latin1;

--
-- Volcado de datos para la tabla `alumnos`
--

INSERT INTO `alumnos` (`dni`, `legajo`, `apellido`, `nombre`) VALUES
(2342342, 432, 'Basualdo', 'Jackeline'),
(12342234, 1, 'Lopez', 'Juan'),
(12631232, 726312, 'Bores', 'Tato'),
(16254212, 42342, 'Puchetto', 'Marisa'),
(19183198, 912871928, 'perez', 'Romualdo'),
(20123456, 1234, 'Lanfranconi', 'Carolina'),
(23198293, 2, 'Alvarez', 'Pedro'),
(28732123, 81238123, 'Echenique', 'Elba'),
(34987671, 42342, 'Marinoni', 'Roberto'),
(45192891, 35, 'Lazzurri', 'Guillermo'),
(82748278, 4215125, 'Fox', 'Megan'),
(91827361, 42342, 'Travellini', 'Mariana'),
(99999999, 123123, 'Abalos', 'Pedro'),
(293472923, 23452343, 'Johansen', 'Scarlet'),
(345353435, 1231231, 'Gomez', 'Luis');

-- --------------------------------------------------------

--
-- Estructura de tabla para la tabla `asignaturas`
--

DROP TABLE IF EXISTS `asignaturas`;
CREATE TABLE IF NOT EXISTS `asignaturas` (
  `codigo` varchar(10) NOT NULL,
  `nombre` varchar(20) NOT NULL,
  `arbol_dominio` blob
) ENGINE=InnoDB DEFAULT CHARSET=latin1;

--
-- Volcado de datos para la tabla `asignaturas`
--

INSERT INTO `asignaturas` (`codigo`, `nombre`, `arbol_dominio`) VALUES
('c001', 'Computacion', 0xaced0005737200196d6f64656c6f2e4172626f6c5f506572747572626163696f6e592cdacebfa109820200044c000b6465736372697063696f6e7400124c6a6176612f6c616e672f537472696e673b4c00066e6f6d62726571007e00014c00047261697a74001a4c6d6f64656c6f2f4e6f646f5f506572747572626163696f6e3b4c0009747265654d6f64656c7400234c6a617661782f7377696e672f747265652f44656661756c74547265654d6f64656c3b78707400163c2073696e20646573637269706369c383c2b36e203e740000737200186d6f64656c6f2e4e6f646f5f506572747572626163696f6ef2e252858c9d0bbf020000787200276a617661782e7377696e672e747265652e44656661756c744d757461626c65547265654e6f6465c458bffcf2a871e00300035a000e616c6c6f77734368696c6472656e4c00086368696c6472656e7400124c6a6176612f7574696c2f566563746f723b4c0006706172656e747400224c6a617661782f7377696e672f747265652f4d757461626c65547265654e6f64653b787001737200106a6176612e7574696c2e566563746f72d9977d5b803baf010300034900116361706163697479496e6372656d656e7449000c656c656d656e74436f756e745b000b656c656d656e74446174617400135b4c6a6176612f6c616e672f4f626a6563743b78700000000000000002757200135b4c6a6176612e6c616e672e4f626a6563743b90ce589f1073296c02000078700000000a7371007e0007017371007e000c00000000000000047571007e000f0000000a7371007e0007017071007e00117571007e000f0000000274000a757365724f626a6563747372000f6d6f64656c6f2e4461746f4265616eae0b7951a095b15f0200034c000c65746971756574614265616e7400154c6d6f64656c6f2f45746971756574614265616e3b4c000669644461746f71007e00014c000f70726f7065727479537570706f72747400224c6a6176612f6265616e732f50726f70657274794368616e6765537570706f72743b7870737200136d6f64656c6f2e45746971756574614265616eb0bc9d2c62d8bbee020004440009617072656e6469646f440008636f6e6f6369646f44000b646573636f6e6f6369646f4400157061726369616c6d656e74655f636f6e6f6369646f787000000000000000000000000000000000000000000000000000000000000000007400016170787371007e0007017071007e00117571007e000f0000000271007e00167371007e00177371007e001b00000000000000000000000000000000000000000000000000000000000000007400016270787371007e0007017071007e00117571007e000f0000000271007e00167371007e00177371007e001b00000000000000000000000000000000000000000000000000000000000000007400016370787371007e0007017071007e00117571007e000f0000000271007e00167371007e00177371007e001b00000000000000000000000000000000000000000000000000000000000000007400016470787070707070707871007e000b7571007e000f0000000271007e00167371007e00177371007e001b0000000000000000000000000000000000000000000000000000000000000000740009756e6469646164203170787371007e0007017071007e000b7571007e000f0000000271007e00167371007e00177371007e001b0000000000000000000000000000000000000000000000000000000000000000740008756e6964616420327078707070707070707078707571007e000f0000000271007e00167371007e00177371007e001b000000000000000000000000000000000000000000000000000000000000000074000a636f6e74656e69646f737078737200216a617661782e7377696e672e747265652e44656661756c74547265654d6f64656ca7be91261ac5e5d90300035a001261736b73416c6c6f77734368696c6472656e4c000c6c697374656e65724c6973747400254c6a617661782f7377696e672f6576656e742f4576656e744c697374656e65724c6973743b4c0004726f6f7474001b4c6a617661782f7377696e672f747265652f547265654e6f64653b787000737200236a617661782e7377696e672e6576656e742e4576656e744c697374656e65724c697374b136c67d84ead6440300007870707871007e000b7371007e000c00000000000000027571007e000f0000000a740004726f6f7471007e000b70707070707070707878),
('Fis001', 'Fisica 1', 0xaced0005737200196d6f64656c6f2e4172626f6c5f506572747572626163696f6e592cdacebfa109820200044c000b6465736372697063696f6e7400124c6a6176612f6c616e672f537472696e673b4c00066e6f6d62726571007e00014c00047261697a74001a4c6d6f64656c6f2f4e6f646f5f506572747572626163696f6e3b4c0009747265654d6f64656c7400234c6a617661782f7377696e672f747265652f44656661756c74547265654d6f64656c3b78707400143c2073696e20646573637269706369c3b36e203e740000737200186d6f64656c6f2e4e6f646f5f506572747572626163696f6ef2e252858c9d0bbf020000787200276a617661782e7377696e672e747265652e44656661756c744d757461626c65547265654e6f6465c458bffcf2a871e00300035a000e616c6c6f77734368696c6472656e4c00086368696c6472656e7400124c6a6176612f7574696c2f566563746f723b4c0006706172656e747400224c6a617661782f7377696e672f747265652f4d757461626c65547265654e6f64653b787001737200106a6176612e7574696c2e566563746f72d9977d5b803baf010300034900116361706163697479496e6372656d656e7449000c656c656d656e74436f756e745b000b656c656d656e74446174617400135b4c6a6176612f6c616e672f4f626a6563743b78700000000000000002757200135b4c6a6176612e6c616e672e4f626a6563743b90ce589f1073296c02000078700000000a7371007e0007017071007e000b7571007e000f0000000274000a757365724f626a6563747372000f6d6f64656c6f2e4461746f4265616eae0b7951a095b15f0200034c000c65746971756574614265616e7400154c6d6f64656c6f2f45746971756574614265616e3b4c000669644461746f71007e00014c000f70726f7065727479537570706f72747400224c6a6176612f6265616e732f50726f70657274794368616e6765537570706f72743b7870737200136d6f64656c6f2e45746971756574614265616eb0bc9d2c62d8bbee020004440009617072656e6469646f440008636f6e6f6369646f44000b646573636f6e6f6369646f4400157061726369616c6d656e74655f636f6e6f6369646f787000000000000000000000000000000000000000000000000000000000000000007400034d525570787371007e0007017071007e000b7571007e000f0000000271007e00137371007e00147371007e001800000000000000000000000000000000000000000000000000000000000000007400034d55567078707070707070707078707571007e000f0000000271007e00137371007e00147371007e001800000000000000000000000000000000000000000000000000000000000000007400066669736963617078737200216a617661782e7377696e672e747265652e44656661756c74547265654d6f64656ca7be91261ac5e5d90300035a001261736b73416c6c6f77734368696c6472656e4c000c6c697374656e65724c6973747400254c6a617661782f7377696e672f6576656e742f4576656e744c697374656e65724c6973743b4c0004726f6f7474001b4c6a617661782f7377696e672f747265652f547265654e6f64653b787000737200236a617661782e7377696e672e6576656e742e4576656e744c697374656e65724c697374b136c67d84ead6440300007870707871007e000b7371007e000c00000000000000027571007e000f0000000a740004726f6f7471007e000b70707070707070707878),
('g002', 'Geografia', 0xaced0005737200196d6f64656c6f2e4172626f6c5f506572747572626163696f6e592cdacebfa109820200044c000b6465736372697063696f6e7400124c6a6176612f6c616e672f537472696e673b4c00066e6f6d62726571007e00014c00047261697a74001a4c6d6f64656c6f2f4e6f646f5f506572747572626163696f6e3b4c0009747265654d6f64656c7400234c6a617661782f7377696e672f747265652f44656661756c74547265654d6f64656c3b78707400143c2073696e20646573637269706369c3b36e203e740000737200186d6f64656c6f2e4e6f646f5f506572747572626163696f6ef2e252858c9d0bbf020000787200276a617661782e7377696e672e747265652e44656661756c744d757461626c65547265654e6f6465c458bffcf2a871e00300035a000e616c6c6f77734368696c6472656e4c00086368696c6472656e7400124c6a6176612f7574696c2f566563746f723b4c0006706172656e747400224c6a617661782f7377696e672f747265652f4d757461626c65547265654e6f64653b787001737200106a6176612e7574696c2e566563746f72d9977d5b803baf010300034900116361706163697479496e6372656d656e7449000c656c656d656e74436f756e745b000b656c656d656e74446174617400135b4c6a6176612f6c616e672f4f626a6563743b78700000000000000002757200135b4c6a6176612e6c616e672e4f626a6563743b90ce589f1073296c02000078700000000a7371007e0007017071007e000b7571007e000f0000000274000a757365724f626a6563747372000f6d6f64656c6f2e4461746f4265616eae0b7951a095b15f0200034c000c65746971756574614265616e7400154c6d6f64656c6f2f45746971756574614265616e3b4c000669644461746f71007e00014c000f70726f7065727479537570706f72747400224c6a6176612f6265616e732f50726f70657274794368616e6765537570706f72743b7870737200136d6f64656c6f2e45746971756574614265616eb0bc9d2c62d8bbee020004440009617072656e6469646f440008636f6e6f6369646f44000b646573636f6e6f6369646f4400157061726369616c6d656e74655f636f6e6f6369646f787000000000000000000000000000000000000000000000000000000000000000007400074c696d6974657370787371007e0007017071007e000b7571007e000f0000000271007e00137371007e00147371007e00180000000000000000000000000000000000000000000000000000000000000000740005436c696d617078707070707070707078707571007e000f0000000271007e00137371007e00147371007e0018000000000000000000000000000000000000000000000000000000000000000074000947656f6772616669617078737200216a617661782e7377696e672e747265652e44656661756c74547265654d6f64656ca7be91261ac5e5d90300035a001261736b73416c6c6f77734368696c6472656e4c000c6c697374656e65724c6973747400254c6a617661782f7377696e672f6576656e742f4576656e744c697374656e65724c6973743b4c0004726f6f7474001b4c6a617661782f7377696e672f747265652f547265654e6f64653b787000737200236a617661782e7377696e672e6576656e742e4576656e744c697374656e65724c697374b136c67d84ead6440300007870707871007e000b7371007e000c00000000000000027571007e000f0000000a740004726f6f7471007e000b70707070707070707878),
('h2', 'Historia 3', 0xaced0005737200196d6f64656c6f2e4172626f6c5f506572747572626163696f6e592cdacebfa109820200044c000b6465736372697063696f6e7400124c6a6176612f6c616e672f537472696e673b4c00066e6f6d62726571007e00014c00047261697a74001a4c6d6f64656c6f2f4e6f646f5f506572747572626163696f6e3b4c0009747265654d6f64656c7400234c6a617661782f7377696e672f747265652f44656661756c74547265654d6f64656c3b78707400143c2073696e20646573637269706369c3b36e203e740000737200186d6f64656c6f2e4e6f646f5f506572747572626163696f6ef2e252858c9d0bbf020000787200276a617661782e7377696e672e747265652e44656661756c744d757461626c65547265654e6f6465c458bffcf2a871e00300035a000e616c6c6f77734368696c6472656e4c00086368696c6472656e7400124c6a6176612f7574696c2f566563746f723b4c0006706172656e747400224c6a617661782f7377696e672f747265652f4d757461626c65547265654e6f64653b787001737200106a6176612e7574696c2e566563746f72d9977d5b803baf010300034900116361706163697479496e6372656d656e7449000c656c656d656e74436f756e745b000b656c656d656e74446174617400135b4c6a6176612f6c616e672f4f626a6563743b78700000000000000003757200135b4c6a6176612e6c616e672e4f626a6563743b90ce589f1073296c02000078700000000a7371007e0007017071007e000b7571007e000f0000000274000a757365724f626a6563747372000f6d6f64656c6f2e4461746f4265616eae0b7951a095b15f0200034c000c65746971756574614265616e7400154c6d6f64656c6f2f45746971756574614265616e3b4c000669644461746f71007e00014c000f70726f7065727479537570706f72747400224c6a6176612f6265616e732f50726f70657274794368616e6765537570706f72743b7870737200136d6f64656c6f2e45746971756574614265616eb0bc9d2c62d8bbee020004440009617072656e6469646f440008636f6e6f6369646f44000b646573636f6e6f6369646f4400157061726369616c6d656e74655f636f6e6f6369646f7870000000000000000000000000000000000000000000000000000000000000000074000853756d6572696f7370787371007e0007017071007e000b7571007e000f0000000271007e00137371007e00147371007e0018000000000000000000000000000000000000000000000000000000000000000074000741636164696f7370787371007e0007017371007e000c00000000000000027571007e000f0000000a7371007e0007017071007e00207571007e000f0000000271007e00137371007e00147371007e00180000000000000000000000000000000000000000000000000000000000000000740019436f6e737472756363696f6e20646520706972616d6964657370787371007e0007017071007e00207571007e000f0000000271007e00137371007e00147371007e001800000000000000000000000000000000000000000000000000000000000000007400174d6f6d696669636163696f6e2064652073756567726173707870707070707070707871007e000b7571007e000f0000000271007e00137371007e00147371007e001800000000000000000000000000000000000000000000000000000000000000007400084567697063696f7370787070707070707078707571007e000f0000000271007e00137371007e00147371007e0018000000000000000000000000000000000000000000000000000000000000000074000a486973746f72696120337078737200216a617661782e7377696e672e747265652e44656661756c74547265654d6f64656ca7be91261ac5e5d90300035a001261736b73416c6c6f77734368696c6472656e4c000c6c697374656e65724c6973747400254c6a617661782f7377696e672f6576656e742f4576656e744c697374656e65724c6973743b4c0004726f6f7474001b4c6a617661782f7377696e672f747265652f547265654e6f64653b787000737200236a617661782e7377696e672e6576656e742e4576656e744c697374656e65724c697374b136c67d84ead6440300007870707871007e000b7371007e000c00000000000000027571007e000f0000000a740004726f6f7471007e000b70707070707070707878),
('m1', 'Matematica 1', 0xaced0005737200196d6f64656c6f2e4172626f6c5f506572747572626163696f6e592cdacebfa109820200044c000b6465736372697063696f6e7400124c6a6176612f6c616e672f537472696e673b4c00066e6f6d62726571007e00014c00047261697a74001a4c6d6f64656c6f2f4e6f646f5f506572747572626163696f6e3b4c0009747265654d6f64656c7400234c6a617661782f7377696e672f747265652f44656661756c74547265654d6f64656c3b78707400143c2073696e20646573637269706369c3b36e203e740000737200186d6f64656c6f2e4e6f646f5f506572747572626163696f6ef2e252858c9d0bbf020000787200276a617661782e7377696e672e747265652e44656661756c744d757461626c65547265654e6f6465c458bffcf2a871e00300035a000e616c6c6f77734368696c6472656e4c00086368696c6472656e7400124c6a6176612f7574696c2f566563746f723b4c0006706172656e747400224c6a617661782f7377696e672f747265652f4d757461626c65547265654e6f64653b787001737200106a6176612e7574696c2e566563746f72d9977d5b803baf010300034900116361706163697479496e6372656d656e7449000c656c656d656e74436f756e745b000b656c656d656e74446174617400135b4c6a6176612f6c616e672f4f626a6563743b78700000000000000002757200135b4c6a6176612e6c616e672e4f626a6563743b90ce589f1073296c02000078700000000a7371007e0007017071007e000b7571007e000f0000000274000a757365724f626a6563747372000f6d6f64656c6f2e4461746f4265616eae0b7951a095b15f0200034c000c65746971756574614265616e7400154c6d6f64656c6f2f45746971756574614265616e3b4c000669644461746f71007e00014c000f70726f7065727479537570706f72747400224c6a6176612f6265616e732f50726f70657274794368616e6765537570706f72743b7870737200136d6f64656c6f2e45746971756574614265616eb0bc9d2c62d8bbee020004440009617072656e6469646f440008636f6e6f6369646f44000b646573636f6e6f6369646f4400157061726369616c6d656e74655f636f6e6f6369646f7870000000000000000000000000000000000000000000000000000000000000000074000d636f6e6a756e746f73206e756d70787371007e0007017371007e000c00000000000000027571007e000f0000000a7371007e0007017071007e001b7571007e000f0000000271007e00137371007e00147371007e001800000000000000000000000000000000000000000000000000000000000000007400066c696e65616c70787371007e0007017071007e001b7571007e000f0000000271007e00137371007e00147371007e0018000000000000000000000000000000000000000000000000000000000000000074000a63756164726174696361707870707070707070707871007e000b7571007e000f0000000271007e00137371007e00147371007e0018000000000000000000000000000000000000000000000000000000000000000074000966756e63696f6e65737078707070707070707078707571007e000f0000000271007e00137371007e00147371007e0018000000000000000000000000000000000000000000000000000000000000000074000a6d6174656d61746963617078737200216a617661782e7377696e672e747265652e44656661756c74547265654d6f64656ca7be91261ac5e5d90300035a001261736b73416c6c6f77734368696c6472656e4c000c6c697374656e65724c6973747400254c6a617661782f7377696e672f6576656e742f4576656e744c697374656e65724c6973743b4c0004726f6f7474001b4c6a617661782f7377696e672f747265652f547265654e6f64653b787000737200236a617661782e7377696e672e6576656e742e4576656e744c697374656e65724c697374b136c67d84ead6440300007870707871007e000b7371007e000c00000000000000027571007e000f0000000a740004726f6f7471007e000b70707070707070707878);

-- --------------------------------------------------------

--
-- Estructura de tabla para la tabla `aux_cursada_alumno`
--

DROP TABLE IF EXISTS `aux_cursada_alumno`;
CREATE TABLE IF NOT EXISTS `aux_cursada_alumno` (
  `dni_alumno` bigint(20) NOT NULL,
  `id_cursada` int(11) NOT NULL
) ENGINE=InnoDB DEFAULT CHARSET=latin1;

--
-- Volcado de datos para la tabla `aux_cursada_alumno`
--

INSERT INTO `aux_cursada_alumno` (`dni_alumno`, `id_cursada`) VALUES
(2342342, 1),
(12631232, 1),
(28732123, 1),
(82748278, 1),
(345353435, 1),
(20123456, 1),
(45192891, 1),
(99999999, 3),
(23198293, 3),
(2342342, 3),
(12631232, 3),
(28732123, 3),
(82748278, 3),
(345353435, 3),
(293472923, 4),
(82748278, 4),
(2342342, 5),
(12342234, 5),
(99999999, 5),
(45192891, 5),
(12631232, 6),
(34987671, 6),
(2342342, 6),
(16254212, 6),
(28732123, 7),
(345353435, 7),
(20123456, 7),
(23198293, 7),
(82748278, 7),
(91827361, 7),
(16254212, 7),
(45192891, 8),
(28732123, 8),
(345353435, 8),
(20123456, 8),
(23198293, 8),
(82748278, 8),
(91827361, 8),
(16254212, 8),
(293472923, 9),
(12342234, 9),
(99999999, 9),
(45192891, 9),
(28732123, 9),
(345353435, 9),
(20123456, 9),
(23198293, 9),
(20123456, 10),
(23198293, 10),
(82748278, 10),
(91827361, 10),
(19183198, 10),
(16254212, 10);

-- --------------------------------------------------------

--
-- Estructura de tabla para la tabla `cursadas`
--

DROP TABLE IF EXISTS `cursadas`;
CREATE TABLE IF NOT EXISTS `cursadas` (
`id` int(4) NOT NULL,
  `codigo_asignatura` varchar(10) DEFAULT NULL,
  `anio` int(5) NOT NULL,
  `cuatrimestre` int(1) NOT NULL
) ENGINE=InnoDB  DEFAULT CHARSET=latin1 AUTO_INCREMENT=11 ;

--
-- Volcado de datos para la tabla `cursadas`
--

INSERT INTO `cursadas` (`id`, `codigo_asignatura`, `anio`, `cuatrimestre`) VALUES
(1, 'm1', 2016, 1),
(3, 'h2', 2015, 1),
(4, 'm1', 2016, 2),
(5, 'm1', 2015, 1),
(6, 'm1', 2015, 2),
(7, 'Fis001', 2013, 1),
(8, 'g002', 2014, 2),
(9, 'c001', 2016, 2),
(10, 'c001', 2016, 1);

-- --------------------------------------------------------

--
-- Estructura de tabla para la tabla `examenes`
--

DROP TABLE IF EXISTS `examenes`;
CREATE TABLE IF NOT EXISTS `examenes` (
`id_examen` int(11) NOT NULL,
  `dni_alumno` bigint(20) NOT NULL,
  `id_instancia_ev` int(4) NOT NULL,
  `arbol_particular` blob NOT NULL
) ENGINE=InnoDB  DEFAULT CHARSET=latin1 AUTO_INCREMENT=8 ;

--
-- Volcado de datos para la tabla `examenes`
--

INSERT INTO `examenes` (`id_examen`, `dni_alumno`, `id_instancia_ev`, `arbol_particular`) VALUES
(1, 293472923, 1, 0xaced0005737200196d6f64656c6f2e4172626f6c5f506572747572626163696f6e592cdacebfa109820200044c000b6465736372697063696f6e7400124c6a6176612f6c616e672f537472696e673b4c00066e6f6d62726571007e00014c00047261697a74001a4c6d6f64656c6f2f4e6f646f5f506572747572626163696f6e3b4c0009747265654d6f64656c7400234c6a617661782f7377696e672f747265652f44656661756c74547265654d6f64656c3b78707400163c2073696e20646573637269706369c383c2b36e203e740000737200186d6f64656c6f2e4e6f646f5f506572747572626163696f6ef2e252858c9d0bbf020000787200276a617661782e7377696e672e747265652e44656661756c744d757461626c65547265654e6f6465c458bffcf2a871e00300035a000e616c6c6f77734368696c6472656e4c00086368696c6472656e7400124c6a6176612f7574696c2f566563746f723b4c0006706172656e747400224c6a617661782f7377696e672f747265652f4d757461626c65547265654e6f64653b787001737200106a6176612e7574696c2e566563746f72d9977d5b803baf010300034900116361706163697479496e6372656d656e7449000c656c656d656e74436f756e745b000b656c656d656e74446174617400135b4c6a6176612f6c616e672f4f626a6563743b78700000000000000002757200135b4c6a6176612e6c616e672e4f626a6563743b90ce589f1073296c02000078700000000a7371007e0007017371007e000c00000000000000017571007e000f0000000a7371007e0007017071007e00117571007e000f0000000274000a757365724f626a6563747372000f6d6f64656c6f2e4461746f4265616eae0b7951a095b15f0200034c000c65746971756574614265616e7400154c6d6f64656c6f2f45746971756574614265616e3b4c000669644461746f71007e00014c000f70726f7065727479537570706f72747400224c6a6176612f6265616e732f50726f70657274794368616e6765537570706f72743b7870737200136d6f64656c6f2e45746971756574614265616eb0bc9d2c62d8bbee020004440009617072656e6469646f440008636f6e6f6369646f44000b646573636f6e6f6369646f4400157061726369616c6d656e74655f636f6e6f6369646f787000000000000000000000000000000000000000000000000000000000000000007400016470787070707070707070707871007e000b7571007e000f0000000271007e00167371007e00177371007e001b0000000000000000000000000000000000000000000000000000000000000000740009756e6469646164203170787371007e0007017071007e000b7571007e000f0000000271007e00167371007e00177371007e001b0000000000000000000000000000000000000000000000000000000000000000740008756e6964616420327078707070707070707078707571007e000f0000000271007e00167371007e00177371007e001b000000000000000000000000000000000000000000000000000000000000000074000a636f6e74656e69646f737078737200216a617661782e7377696e672e747265652e44656661756c74547265654d6f64656ca7be91261ac5e5d90300035a001261736b73416c6c6f77734368696c6472656e4c000c6c697374656e65724c6973747400254c6a617661782f7377696e672f6576656e742f4576656e744c697374656e65724c6973743b4c0004726f6f7474001b4c6a617661782f7377696e672f747265652f547265654e6f64653b787000737200236a617661782e7377696e672e6576656e742e4576656e744c697374656e65724c697374b136c67d84ead6440300007870707871007e000b7371007e000c00000000000000027571007e000f0000000a740004726f6f7471007e000b70707070707070707878),
(2, 12342234, 1, 0xaced0005737200196d6f64656c6f2e4172626f6c5f506572747572626163696f6e592cdacebfa109820200044c000b6465736372697063696f6e7400124c6a6176612f6c616e672f537472696e673b4c00066e6f6d62726571007e00014c00047261697a74001a4c6d6f64656c6f2f4e6f646f5f506572747572626163696f6e3b4c0009747265654d6f64656c7400234c6a617661782f7377696e672f747265652f44656661756c74547265654d6f64656c3b78707400163c2073696e20646573637269706369c383c2b36e203e740000737200186d6f64656c6f2e4e6f646f5f506572747572626163696f6ef2e252858c9d0bbf020000787200276a617661782e7377696e672e747265652e44656661756c744d757461626c65547265654e6f6465c458bffcf2a871e00300035a000e616c6c6f77734368696c6472656e4c00086368696c6472656e7400124c6a6176612f7574696c2f566563746f723b4c0006706172656e747400224c6a617661782f7377696e672f747265652f4d757461626c65547265654e6f64653b787001737200106a6176612e7574696c2e566563746f72d9977d5b803baf010300034900116361706163697479496e6372656d656e7449000c656c656d656e74436f756e745b000b656c656d656e74446174617400135b4c6a6176612f6c616e672f4f626a6563743b78700000000000000002757200135b4c6a6176612e6c616e672e4f626a6563743b90ce589f1073296c02000078700000000a7371007e0007017371007e000c00000000000000017571007e000f0000000a7371007e0007017071007e00117571007e000f0000000274000a757365724f626a6563747372000f6d6f64656c6f2e4461746f4265616eae0b7951a095b15f0200034c000c65746971756574614265616e7400154c6d6f64656c6f2f45746971756574614265616e3b4c000669644461746f71007e00014c000f70726f7065727479537570706f72747400224c6a6176612f6265616e732f50726f70657274794368616e6765537570706f72743b7870737200136d6f64656c6f2e45746971756574614265616eb0bc9d2c62d8bbee020004440009617072656e6469646f440008636f6e6f6369646f44000b646573636f6e6f6369646f4400157061726369616c6d656e74655f636f6e6f6369646f787000000000000000000000000000000000000000000000000000000000000000007400016470787070707070707070707871007e000b7571007e000f0000000271007e00167371007e00177371007e001b0000000000000000000000000000000000000000000000000000000000000000740009756e6469646164203170787371007e0007017071007e000b7571007e000f0000000271007e00167371007e00177371007e001b0000000000000000000000000000000000000000000000000000000000000000740008756e6964616420327078707070707070707078707571007e000f0000000271007e00167371007e00177371007e001b000000000000000000000000000000000000000000000000000000000000000074000a636f6e74656e69646f737078737200216a617661782e7377696e672e747265652e44656661756c74547265654d6f64656ca7be91261ac5e5d90300035a001261736b73416c6c6f77734368696c6472656e4c000c6c697374656e65724c6973747400254c6a617661782f7377696e672f6576656e742f4576656e744c697374656e65724c6973743b4c0004726f6f7474001b4c6a617661782f7377696e672f747265652f547265654e6f64653b787000737200236a617661782e7377696e672e6576656e742e4576656e744c697374656e65724c697374b136c67d84ead6440300007870707871007e000b7371007e000c00000000000000027571007e000f0000000a740004726f6f7471007e000b70707070707070707878),
(3, 99999999, 1, 0xaced0005737200196d6f64656c6f2e4172626f6c5f506572747572626163696f6e592cdacebfa109820200044c000b6465736372697063696f6e7400124c6a6176612f6c616e672f537472696e673b4c00066e6f6d62726571007e00014c00047261697a74001a4c6d6f64656c6f2f4e6f646f5f506572747572626163696f6e3b4c0009747265654d6f64656c7400234c6a617661782f7377696e672f747265652f44656661756c74547265654d6f64656c3b78707400163c2073696e20646573637269706369c383c2b36e203e740000737200186d6f64656c6f2e4e6f646f5f506572747572626163696f6ef2e252858c9d0bbf020000787200276a617661782e7377696e672e747265652e44656661756c744d757461626c65547265654e6f6465c458bffcf2a871e00300035a000e616c6c6f77734368696c6472656e4c00086368696c6472656e7400124c6a6176612f7574696c2f566563746f723b4c0006706172656e747400224c6a617661782f7377696e672f747265652f4d757461626c65547265654e6f64653b787001737200106a6176612e7574696c2e566563746f72d9977d5b803baf010300034900116361706163697479496e6372656d656e7449000c656c656d656e74436f756e745b000b656c656d656e74446174617400135b4c6a6176612f6c616e672f4f626a6563743b78700000000000000002757200135b4c6a6176612e6c616e672e4f626a6563743b90ce589f1073296c02000078700000000a7371007e0007017371007e000c00000000000000017571007e000f0000000a7371007e0007017071007e00117571007e000f0000000274000a757365724f626a6563747372000f6d6f64656c6f2e4461746f4265616eae0b7951a095b15f0200034c000c65746971756574614265616e7400154c6d6f64656c6f2f45746971756574614265616e3b4c000669644461746f71007e00014c000f70726f7065727479537570706f72747400224c6a6176612f6265616e732f50726f70657274794368616e6765537570706f72743b7870737200136d6f64656c6f2e45746971756574614265616eb0bc9d2c62d8bbee020004440009617072656e6469646f440008636f6e6f6369646f44000b646573636f6e6f6369646f4400157061726369616c6d656e74655f636f6e6f6369646f787000000000000000000000000000000000000000000000000000000000000000007400016470787070707070707070707871007e000b7571007e000f0000000271007e00167371007e00177371007e001b0000000000000000000000000000000000000000000000000000000000000000740009756e6469646164203170787371007e0007017071007e000b7571007e000f0000000271007e00167371007e00177371007e001b0000000000000000000000000000000000000000000000000000000000000000740008756e6964616420327078707070707070707078707571007e000f0000000271007e00167371007e00177371007e001b000000000000000000000000000000000000000000000000000000000000000074000a636f6e74656e69646f737078737200216a617661782e7377696e672e747265652e44656661756c74547265654d6f64656ca7be91261ac5e5d90300035a001261736b73416c6c6f77734368696c6472656e4c000c6c697374656e65724c6973747400254c6a617661782f7377696e672f6576656e742f4576656e744c697374656e65724c6973743b4c0004726f6f7474001b4c6a617661782f7377696e672f747265652f547265654e6f64653b787000737200236a617661782e7377696e672e6576656e742e4576656e744c697374656e65724c697374b136c67d84ead6440300007870707871007e000b7371007e000c00000000000000027571007e000f0000000a740004726f6f7471007e000b70707070707070707878),
(4, 45192891, 1, 0xaced0005737200196d6f64656c6f2e4172626f6c5f506572747572626163696f6e592cdacebfa109820200044c000b6465736372697063696f6e7400124c6a6176612f6c616e672f537472696e673b4c00066e6f6d62726571007e00014c00047261697a74001a4c6d6f64656c6f2f4e6f646f5f506572747572626163696f6e3b4c0009747265654d6f64656c7400234c6a617661782f7377696e672f747265652f44656661756c74547265654d6f64656c3b78707400163c2073696e20646573637269706369c383c2b36e203e740000737200186d6f64656c6f2e4e6f646f5f506572747572626163696f6ef2e252858c9d0bbf020000787200276a617661782e7377696e672e747265652e44656661756c744d757461626c65547265654e6f6465c458bffcf2a871e00300035a000e616c6c6f77734368696c6472656e4c00086368696c6472656e7400124c6a6176612f7574696c2f566563746f723b4c0006706172656e747400224c6a617661782f7377696e672f747265652f4d757461626c65547265654e6f64653b787001737200106a6176612e7574696c2e566563746f72d9977d5b803baf010300034900116361706163697479496e6372656d656e7449000c656c656d656e74436f756e745b000b656c656d656e74446174617400135b4c6a6176612f6c616e672f4f626a6563743b78700000000000000002757200135b4c6a6176612e6c616e672e4f626a6563743b90ce589f1073296c02000078700000000a7371007e0007017371007e000c00000000000000017571007e000f0000000a7371007e0007017071007e00117571007e000f0000000274000a757365724f626a6563747372000f6d6f64656c6f2e4461746f4265616eae0b7951a095b15f0200034c000c65746971756574614265616e7400154c6d6f64656c6f2f45746971756574614265616e3b4c000669644461746f71007e00014c000f70726f7065727479537570706f72747400224c6a6176612f6265616e732f50726f70657274794368616e6765537570706f72743b7870737200136d6f64656c6f2e45746971756574614265616eb0bc9d2c62d8bbee020004440009617072656e6469646f440008636f6e6f6369646f44000b646573636f6e6f6369646f4400157061726369616c6d656e74655f636f6e6f6369646f787000000000000000000000000000000000000000000000000000000000000000007400016470787070707070707070707871007e000b7571007e000f0000000271007e00167371007e00177371007e001b0000000000000000000000000000000000000000000000000000000000000000740009756e6469646164203170787371007e0007017071007e000b7571007e000f0000000271007e00167371007e00177371007e001b0000000000000000000000000000000000000000000000000000000000000000740008756e6964616420327078707070707070707078707571007e000f0000000271007e00167371007e00177371007e001b000000000000000000000000000000000000000000000000000000000000000074000a636f6e74656e69646f737078737200216a617661782e7377696e672e747265652e44656661756c74547265654d6f64656ca7be91261ac5e5d90300035a001261736b73416c6c6f77734368696c6472656e4c000c6c697374656e65724c6973747400254c6a617661782f7377696e672f6576656e742f4576656e744c697374656e65724c6973743b4c0004726f6f7474001b4c6a617661782f7377696e672f747265652f547265654e6f64653b787000737200236a617661782e7377696e672e6576656e742e4576656e744c697374656e65724c697374b136c67d84ead6440300007870707871007e000b7371007e000c00000000000000027571007e000f0000000a740004726f6f7471007e000b70707070707070707878),
(5, 28732123, 1, 0xaced0005737200196d6f64656c6f2e4172626f6c5f506572747572626163696f6e592cdacebfa109820200044c000b6465736372697063696f6e7400124c6a6176612f6c616e672f537472696e673b4c00066e6f6d62726571007e00014c00047261697a74001a4c6d6f64656c6f2f4e6f646f5f506572747572626163696f6e3b4c0009747265654d6f64656c7400234c6a617661782f7377696e672f747265652f44656661756c74547265654d6f64656c3b78707400163c2073696e20646573637269706369c383c2b36e203e740000737200186d6f64656c6f2e4e6f646f5f506572747572626163696f6ef2e252858c9d0bbf020000787200276a617661782e7377696e672e747265652e44656661756c744d757461626c65547265654e6f6465c458bffcf2a871e00300035a000e616c6c6f77734368696c6472656e4c00086368696c6472656e7400124c6a6176612f7574696c2f566563746f723b4c0006706172656e747400224c6a617661782f7377696e672f747265652f4d757461626c65547265654e6f64653b787001737200106a6176612e7574696c2e566563746f72d9977d5b803baf010300034900116361706163697479496e6372656d656e7449000c656c656d656e74436f756e745b000b656c656d656e74446174617400135b4c6a6176612f6c616e672f4f626a6563743b78700000000000000002757200135b4c6a6176612e6c616e672e4f626a6563743b90ce589f1073296c02000078700000000a7371007e0007017371007e000c00000000000000017571007e000f0000000a7371007e0007017071007e00117571007e000f0000000274000a757365724f626a6563747372000f6d6f64656c6f2e4461746f4265616eae0b7951a095b15f0200034c000c65746971756574614265616e7400154c6d6f64656c6f2f45746971756574614265616e3b4c000669644461746f71007e00014c000f70726f7065727479537570706f72747400224c6a6176612f6265616e732f50726f70657274794368616e6765537570706f72743b7870737200136d6f64656c6f2e45746971756574614265616eb0bc9d2c62d8bbee020004440009617072656e6469646f440008636f6e6f6369646f44000b646573636f6e6f6369646f4400157061726369616c6d656e74655f636f6e6f6369646f787000000000000000000000000000000000000000000000000000000000000000007400016470787070707070707070707871007e000b7571007e000f0000000271007e00167371007e00177371007e001b0000000000000000000000000000000000000000000000000000000000000000740009756e6469646164203170787371007e0007017071007e000b7571007e000f0000000271007e00167371007e00177371007e001b0000000000000000000000000000000000000000000000000000000000000000740008756e6964616420327078707070707070707078707571007e000f0000000271007e00167371007e00177371007e001b000000000000000000000000000000000000000000000000000000000000000074000a636f6e74656e69646f737078737200216a617661782e7377696e672e747265652e44656661756c74547265654d6f64656ca7be91261ac5e5d90300035a001261736b73416c6c6f77734368696c6472656e4c000c6c697374656e65724c6973747400254c6a617661782f7377696e672f6576656e742f4576656e744c697374656e65724c6973743b4c0004726f6f7474001b4c6a617661782f7377696e672f747265652f547265654e6f64653b787000737200236a617661782e7377696e672e6576656e742e4576656e744c697374656e65724c697374b136c67d84ead6440300007870707871007e000b7371007e000c00000000000000027571007e000f0000000a740004726f6f7471007e000b70707070707070707878),
(6, 293472923, 2, 0xaced0005737200196d6f64656c6f2e4172626f6c5f506572747572626163696f6e592cdacebfa109820200044c000b6465736372697063696f6e7400124c6a6176612f6c616e672f537472696e673b4c00066e6f6d62726571007e00014c00047261697a74001a4c6d6f64656c6f2f4e6f646f5f506572747572626163696f6e3b4c0009747265654d6f64656c7400234c6a617661782f7377696e672f747265652f44656661756c74547265654d6f64656c3b78707400143c2073696e20646573637269706369c3b36e203e740000737200186d6f64656c6f2e4e6f646f5f506572747572626163696f6ef2e252858c9d0bbf020000787200276a617661782e7377696e672e747265652e44656661756c744d757461626c65547265654e6f6465c458bffcf2a871e00300035a000e616c6c6f77734368696c6472656e4c00086368696c6472656e7400124c6a6176612f7574696c2f566563746f723b4c0006706172656e747400224c6a617661782f7377696e672f747265652f4d757461626c65547265654e6f64653b787001737200106a6176612e7574696c2e566563746f72d9977d5b803baf010300034900116361706163697479496e6372656d656e7449000c656c656d656e74436f756e745b000b656c656d656e74446174617400135b4c6a6176612f6c616e672f4f626a6563743b78700000000000000001757200135b4c6a6176612e6c616e672e4f626a6563743b90ce589f1073296c02000078700000000a7371007e0007017371007e000c00000000000000027571007e000f0000000a7371007e0007017071007e00117571007e000f0000000274000a757365724f626a6563747372000f6d6f64656c6f2e4461746f4265616eae0b7951a095b15f0200034c000c65746971756574614265616e7400154c6d6f64656c6f2f45746971756574614265616e3b4c000669644461746f71007e00014c000f70726f7065727479537570706f72747400224c6a6176612f6265616e732f50726f70657274794368616e6765537570706f72743b7870737200136d6f64656c6f2e45746971756574614265616eb0bc9d2c62d8bbee020004440009617072656e6469646f440008636f6e6f6369646f44000b646573636f6e6f6369646f4400157061726369616c6d656e74655f636f6e6f6369646f787000000000000000000000000000000000000000000000000000000000000000007400066c696e65616c70787371007e0007017071007e00117571007e000f0000000271007e00167371007e00177371007e001b000000000000000000000000000000000000000000000000000000000000000074000a63756164726174696361707870707070707070707871007e000b7571007e000f0000000271007e00167371007e00177371007e001b000000000000000000000000000000000000000000000000000000000000000074000966756e63696f6e6573707870707070707070707078707571007e000f0000000271007e00167371007e00177371007e001b000000000000000000000000000000000000000000000000000000000000000074000a6d6174656d61746963617078737200216a617661782e7377696e672e747265652e44656661756c74547265654d6f64656ca7be91261ac5e5d90300035a001261736b73416c6c6f77734368696c6472656e4c000c6c697374656e65724c6973747400254c6a617661782f7377696e672f6576656e742f4576656e744c697374656e65724c6973743b4c0004726f6f7474001b4c6a617661782f7377696e672f747265652f547265654e6f64653b787000737200236a617661782e7377696e672e6576656e742e4576656e744c697374656e65724c697374b136c67d84ead6440300007870707871007e000b7371007e000c00000000000000027571007e000f0000000a740004726f6f7471007e000b70707070707070707878),
(7, 82748278, 2, 0xaced0005737200196d6f64656c6f2e4172626f6c5f506572747572626163696f6e592cdacebfa109820200044c000b6465736372697063696f6e7400124c6a6176612f6c616e672f537472696e673b4c00066e6f6d62726571007e00014c00047261697a74001a4c6d6f64656c6f2f4e6f646f5f506572747572626163696f6e3b4c0009747265654d6f64656c7400234c6a617661782f7377696e672f747265652f44656661756c74547265654d6f64656c3b78707400143c2073696e20646573637269706369c3b36e203e740000737200186d6f64656c6f2e4e6f646f5f506572747572626163696f6ef2e252858c9d0bbf020000787200276a617661782e7377696e672e747265652e44656661756c744d757461626c65547265654e6f6465c458bffcf2a871e00300035a000e616c6c6f77734368696c6472656e4c00086368696c6472656e7400124c6a6176612f7574696c2f566563746f723b4c0006706172656e747400224c6a617661782f7377696e672f747265652f4d757461626c65547265654e6f64653b787001737200106a6176612e7574696c2e566563746f72d9977d5b803baf010300034900116361706163697479496e6372656d656e7449000c656c656d656e74436f756e745b000b656c656d656e74446174617400135b4c6a6176612f6c616e672f4f626a6563743b78700000000000000001757200135b4c6a6176612e6c616e672e4f626a6563743b90ce589f1073296c02000078700000000a7371007e0007017371007e000c00000000000000027571007e000f0000000a7371007e0007017071007e00117571007e000f0000000274000a757365724f626a6563747372000f6d6f64656c6f2e4461746f4265616eae0b7951a095b15f0200034c000c65746971756574614265616e7400154c6d6f64656c6f2f45746971756574614265616e3b4c000669644461746f71007e00014c000f70726f7065727479537570706f72747400224c6a6176612f6265616e732f50726f70657274794368616e6765537570706f72743b7870737200136d6f64656c6f2e45746971756574614265616eb0bc9d2c62d8bbee020004440009617072656e6469646f440008636f6e6f6369646f44000b646573636f6e6f6369646f4400157061726369616c6d656e74655f636f6e6f6369646f787000000000000000000000000000000000000000000000000000000000000000007400066c696e65616c70787371007e0007017071007e00117571007e000f0000000271007e00167371007e00177371007e001b000000000000000000000000000000000000000000000000000000000000000074000a63756164726174696361707870707070707070707871007e000b7571007e000f0000000271007e00167371007e00177371007e001b000000000000000000000000000000000000000000000000000000000000000074000966756e63696f6e6573707870707070707070707078707571007e000f0000000271007e00167371007e00177371007e001b000000000000000000000000000000000000000000000000000000000000000074000a6d6174656d61746963617078737200216a617661782e7377696e672e747265652e44656661756c74547265654d6f64656ca7be91261ac5e5d90300035a001261736b73416c6c6f77734368696c6472656e4c000c6c697374656e65724c6973747400254c6a617661782f7377696e672f6576656e742f4576656e744c697374656e65724c6973743b4c0004726f6f7474001b4c6a617661782f7377696e672f747265652f547265654e6f64653b787000737200236a617661782e7377696e672e6576656e742e4576656e744c697374656e65724c697374b136c67d84ead6440300007870707871007e000b7371007e000c00000000000000027571007e000f0000000a740004726f6f7471007e000b70707070707070707878);

-- --------------------------------------------------------

--
-- Estructura de tabla para la tabla `instancias_evaluaciones`
--

DROP TABLE IF EXISTS `instancias_evaluaciones`;
CREATE TABLE IF NOT EXISTS `instancias_evaluaciones` (
`id` int(4) NOT NULL,
  `id_parcial` int(4) NOT NULL,
  `descripcion` varchar(40) NOT NULL,
  `fecha` date NOT NULL
) ENGINE=InnoDB  DEFAULT CHARSET=latin1 AUTO_INCREMENT=3 ;

--
-- Volcado de datos para la tabla `instancias_evaluaciones`
--

INSERT INTO `instancias_evaluaciones` (`id`, `id_parcial`, `descripcion`, `fecha`) VALUES
(1, 4, 'primera prueba', '2016-11-02'),
(2, 2, 'una instancia', '2016-11-04');

-- --------------------------------------------------------

--
-- Estructura de tabla para la tabla `parciales`
--

DROP TABLE IF EXISTS `parciales`;
CREATE TABLE IF NOT EXISTS `parciales` (
`id` int(4) NOT NULL,
  `id_cursada` int(4) NOT NULL,
  `nombre` varchar(30) NOT NULL,
  `arbol_podado` blob NOT NULL
) ENGINE=InnoDB  DEFAULT CHARSET=latin1 AUTO_INCREMENT=5 ;

--
-- Volcado de datos para la tabla `parciales`
--

INSERT INTO `parciales` (`id`, `id_cursada`, `nombre`, `arbol_podado`) VALUES
(1, 5, 'Parcial 1', 0xaced0005737200196d6f64656c6f2e4172626f6c5f506572747572626163696f6e592cdacebfa109820200044c000b6465736372697063696f6e7400124c6a6176612f6c616e672f537472696e673b4c00066e6f6d62726571007e00014c00047261697a74001a4c6d6f64656c6f2f4e6f646f5f506572747572626163696f6e3b4c0009747265654d6f64656c7400234c6a617661782f7377696e672f747265652f44656661756c74547265654d6f64656c3b78707400143c2073696e20646573637269706369c3b36e203e740000737200186d6f64656c6f2e4e6f646f5f506572747572626163696f6ef2e252858c9d0bbf020000787200276a617661782e7377696e672e747265652e44656661756c744d757461626c65547265654e6f6465c458bffcf2a871e00300035a000e616c6c6f77734368696c6472656e4c00086368696c6472656e7400124c6a6176612f7574696c2f566563746f723b4c0006706172656e747400224c6a617661782f7377696e672f747265652f4d757461626c65547265654e6f64653b787001737200106a6176612e7574696c2e566563746f72d9977d5b803baf010300034900116361706163697479496e6372656d656e7449000c656c656d656e74436f756e745b000b656c656d656e74446174617400135b4c6a6176612f6c616e672f4f626a6563743b78700000000000000001757200135b4c6a6176612e6c616e672e4f626a6563743b90ce589f1073296c02000078700000000a7371007e0007017071007e000b7571007e000f0000000274000a757365724f626a6563747372000f6d6f64656c6f2e4461746f4265616eae0b7951a095b15f0200034c000c65746971756574614265616e7400154c6d6f64656c6f2f45746971756574614265616e3b4c000669644461746f71007e00014c000f70726f7065727479537570706f72747400224c6a6176612f6265616e732f50726f70657274794368616e6765537570706f72743b7870737200136d6f64656c6f2e45746971756574614265616eb0bc9d2c62d8bbee020004440009617072656e6469646f440008636f6e6f6369646f44000b646573636f6e6f6369646f4400157061726369616c6d656e74655f636f6e6f6369646f7870000000000000000000000000000000000000000000000000000000000000000074000d636f6e6a756e746f73206e756d707870707070707070707078707571007e000f0000000271007e00137371007e00147371007e0018000000000000000000000000000000000000000000000000000000000000000074000a6d6174656d61746963617078737200216a617661782e7377696e672e747265652e44656661756c74547265654d6f64656ca7be91261ac5e5d90300035a001261736b73416c6c6f77734368696c6472656e4c000c6c697374656e65724c6973747400254c6a617661782f7377696e672f6576656e742f4576656e744c697374656e65724c6973743b4c0004726f6f7474001b4c6a617661782f7377696e672f747265652f547265654e6f64653b787000737200236a617661782e7377696e672e6576656e742e4576656e744c697374656e65724c697374b136c67d84ead6440300007870707871007e000b7371007e000c00000000000000027571007e000f0000000a740004726f6f7471007e000b70707070707070707878),
(2, 4, 'Parcial 2', 0xaced0005737200196d6f64656c6f2e4172626f6c5f506572747572626163696f6e592cdacebfa109820200044c000b6465736372697063696f6e7400124c6a6176612f6c616e672f537472696e673b4c00066e6f6d62726571007e00014c00047261697a74001a4c6d6f64656c6f2f4e6f646f5f506572747572626163696f6e3b4c0009747265654d6f64656c7400234c6a617661782f7377696e672f747265652f44656661756c74547265654d6f64656c3b78707400143c2073696e20646573637269706369c3b36e203e740000737200186d6f64656c6f2e4e6f646f5f506572747572626163696f6ef2e252858c9d0bbf020000787200276a617661782e7377696e672e747265652e44656661756c744d757461626c65547265654e6f6465c458bffcf2a871e00300035a000e616c6c6f77734368696c6472656e4c00086368696c6472656e7400124c6a6176612f7574696c2f566563746f723b4c0006706172656e747400224c6a617661782f7377696e672f747265652f4d757461626c65547265654e6f64653b787001737200106a6176612e7574696c2e566563746f72d9977d5b803baf010300034900116361706163697479496e6372656d656e7449000c656c656d656e74436f756e745b000b656c656d656e74446174617400135b4c6a6176612f6c616e672f4f626a6563743b78700000000000000001757200135b4c6a6176612e6c616e672e4f626a6563743b90ce589f1073296c02000078700000000a7371007e0007017371007e000c00000000000000027571007e000f0000000a7371007e0007017071007e00117571007e000f0000000274000a757365724f626a6563747372000f6d6f64656c6f2e4461746f4265616eae0b7951a095b15f0200034c000c65746971756574614265616e7400154c6d6f64656c6f2f45746971756574614265616e3b4c000669644461746f71007e00014c000f70726f7065727479537570706f72747400224c6a6176612f6265616e732f50726f70657274794368616e6765537570706f72743b7870737200136d6f64656c6f2e45746971756574614265616eb0bc9d2c62d8bbee020004440009617072656e6469646f440008636f6e6f6369646f44000b646573636f6e6f6369646f4400157061726369616c6d656e74655f636f6e6f6369646f787000000000000000000000000000000000000000000000000000000000000000007400066c696e65616c70787371007e0007017071007e00117571007e000f0000000271007e00167371007e00177371007e001b000000000000000000000000000000000000000000000000000000000000000074000a63756164726174696361707870707070707070707871007e000b7571007e000f0000000271007e00167371007e00177371007e001b000000000000000000000000000000000000000000000000000000000000000074000966756e63696f6e6573707870707070707070707078707571007e000f0000000271007e00167371007e00177371007e001b000000000000000000000000000000000000000000000000000000000000000074000a6d6174656d61746963617078737200216a617661782e7377696e672e747265652e44656661756c74547265654d6f64656ca7be91261ac5e5d90300035a001261736b73416c6c6f77734368696c6472656e4c000c6c697374656e65724c6973747400254c6a617661782f7377696e672f6576656e742f4576656e744c697374656e65724c6973743b4c0004726f6f7474001b4c6a617661782f7377696e672f747265652f547265654e6f64653b787000737200236a617661782e7377696e672e6576656e742e4576656e744c697374656e65724c697374b136c67d84ead6440300007870707871007e000b7371007e000c00000000000000027571007e000f0000000a740004726f6f7471007e000b70707070707070707878),
(3, 9, 'parcial 1', 0xaced0005737200196d6f64656c6f2e4172626f6c5f506572747572626163696f6e592cdacebfa109820200044c000b6465736372697063696f6e7400124c6a6176612f6c616e672f537472696e673b4c00066e6f6d62726571007e00014c00047261697a74001a4c6d6f64656c6f2f4e6f646f5f506572747572626163696f6e3b4c0009747265654d6f64656c7400234c6a617661782f7377696e672f747265652f44656661756c74547265654d6f64656c3b78707400163c2073696e20646573637269706369c383c2b36e203e740000737200186d6f64656c6f2e4e6f646f5f506572747572626163696f6ef2e252858c9d0bbf020000787200276a617661782e7377696e672e747265652e44656661756c744d757461626c65547265654e6f6465c458bffcf2a871e00300035a000e616c6c6f77734368696c6472656e4c00086368696c6472656e7400124c6a6176612f7574696c2f566563746f723b4c0006706172656e747400224c6a617661782f7377696e672f747265652f4d757461626c65547265654e6f64653b787001737200106a6176612e7574696c2e566563746f72d9977d5b803baf010300034900116361706163697479496e6372656d656e7449000c656c656d656e74436f756e745b000b656c656d656e74446174617400135b4c6a6176612f6c616e672f4f626a6563743b78700000000000000001757200135b4c6a6176612e6c616e672e4f626a6563743b90ce589f1073296c02000078700000000a7371007e0007017371007e000c00000000000000027571007e000f0000000a7371007e0007017071007e00117571007e000f0000000274000a757365724f626a6563747372000f6d6f64656c6f2e4461746f4265616eae0b7951a095b15f0200034c000c65746971756574614265616e7400154c6d6f64656c6f2f45746971756574614265616e3b4c000669644461746f71007e00014c000f70726f7065727479537570706f72747400224c6a6176612f6265616e732f50726f70657274794368616e6765537570706f72743b7870737200136d6f64656c6f2e45746971756574614265616eb0bc9d2c62d8bbee020004440009617072656e6469646f440008636f6e6f6369646f44000b646573636f6e6f6369646f4400157061726369616c6d656e74655f636f6e6f6369646f787000000000000000000000000000000000000000000000000000000000000000007400016170787371007e0007017071007e00117571007e000f0000000271007e00167371007e00177371007e001b000000000000000000000000000000000000000000000000000000000000000074000162707870707070707070707871007e000b7571007e000f0000000271007e00167371007e00177371007e001b0000000000000000000000000000000000000000000000000000000000000000740009756e64696461642031707870707070707070707078707571007e000f0000000271007e00167371007e00177371007e001b000000000000000000000000000000000000000000000000000000000000000074000a636f6e74656e69646f737078737200216a617661782e7377696e672e747265652e44656661756c74547265654d6f64656ca7be91261ac5e5d90300035a001261736b73416c6c6f77734368696c6472656e4c000c6c697374656e65724c6973747400254c6a617661782f7377696e672f6576656e742f4576656e744c697374656e65724c6973743b4c0004726f6f7474001b4c6a617661782f7377696e672f747265652f547265654e6f64653b787000737200236a617661782e7377696e672e6576656e742e4576656e744c697374656e65724c697374b136c67d84ead6440300007870707871007e000b7371007e000c00000000000000027571007e000f0000000a740004726f6f7471007e000b70707070707070707878),
(4, 9, 'parcial 2', 0xaced0005737200196d6f64656c6f2e4172626f6c5f506572747572626163696f6e592cdacebfa109820200044c000b6465736372697063696f6e7400124c6a6176612f6c616e672f537472696e673b4c00066e6f6d62726571007e00014c00047261697a74001a4c6d6f64656c6f2f4e6f646f5f506572747572626163696f6e3b4c0009747265654d6f64656c7400234c6a617661782f7377696e672f747265652f44656661756c74547265654d6f64656c3b78707400163c2073696e20646573637269706369c383c2b36e203e740000737200186d6f64656c6f2e4e6f646f5f506572747572626163696f6ef2e252858c9d0bbf020000787200276a617661782e7377696e672e747265652e44656661756c744d757461626c65547265654e6f6465c458bffcf2a871e00300035a000e616c6c6f77734368696c6472656e4c00086368696c6472656e7400124c6a6176612f7574696c2f566563746f723b4c0006706172656e747400224c6a617661782f7377696e672f747265652f4d757461626c65547265654e6f64653b787001737200106a6176612e7574696c2e566563746f72d9977d5b803baf010300034900116361706163697479496e6372656d656e7449000c656c656d656e74436f756e745b000b656c656d656e74446174617400135b4c6a6176612f6c616e672f4f626a6563743b78700000000000000002757200135b4c6a6176612e6c616e672e4f626a6563743b90ce589f1073296c02000078700000000a7371007e0007017371007e000c00000000000000017571007e000f0000000a7371007e0007017071007e00117571007e000f0000000274000a757365724f626a6563747372000f6d6f64656c6f2e4461746f4265616eae0b7951a095b15f0200034c000c65746971756574614265616e7400154c6d6f64656c6f2f45746971756574614265616e3b4c000669644461746f71007e00014c000f70726f7065727479537570706f72747400224c6a6176612f6265616e732f50726f70657274794368616e6765537570706f72743b7870737200136d6f64656c6f2e45746971756574614265616eb0bc9d2c62d8bbee020004440009617072656e6469646f440008636f6e6f6369646f44000b646573636f6e6f6369646f4400157061726369616c6d656e74655f636f6e6f6369646f787000000000000000000000000000000000000000000000000000000000000000007400016470787070707070707070707871007e000b7571007e000f0000000271007e00167371007e00177371007e001b0000000000000000000000000000000000000000000000000000000000000000740009756e6469646164203170787371007e0007017071007e000b7571007e000f0000000271007e00167371007e00177371007e001b0000000000000000000000000000000000000000000000000000000000000000740008756e6964616420327078707070707070707078707571007e000f0000000271007e00167371007e00177371007e001b000000000000000000000000000000000000000000000000000000000000000074000a636f6e74656e69646f737078737200216a617661782e7377696e672e747265652e44656661756c74547265654d6f64656ca7be91261ac5e5d90300035a001261736b73416c6c6f77734368696c6472656e4c000c6c697374656e65724c6973747400254c6a617661782f7377696e672f6576656e742f4576656e744c697374656e65724c6973743b4c0004726f6f7474001b4c6a617661782f7377696e672f747265652f547265654e6f64653b787000737200236a617661782e7377696e672e6576656e742e4576656e744c697374656e65724c697374b136c67d84ead6440300007870707871007e000b7371007e000c00000000000000027571007e000f0000000a740004726f6f7471007e000b70707070707070707878);

--
-- Índices para tablas volcadas
--

--
-- Indices de la tabla `alumnos`
--
ALTER TABLE `alumnos`
 ADD PRIMARY KEY (`dni`);

--
-- Indices de la tabla `asignaturas`
--
ALTER TABLE `asignaturas`
 ADD PRIMARY KEY (`codigo`);

--
-- Indices de la tabla `cursadas`
--
ALTER TABLE `cursadas`
 ADD PRIMARY KEY (`id`);

--
-- Indices de la tabla `examenes`
--
ALTER TABLE `examenes`
 ADD PRIMARY KEY (`id_examen`);

--
-- Indices de la tabla `instancias_evaluaciones`
--
ALTER TABLE `instancias_evaluaciones`
 ADD PRIMARY KEY (`id`);

--
-- Indices de la tabla `parciales`
--
ALTER TABLE `parciales`
 ADD PRIMARY KEY (`id`);

--
-- AUTO_INCREMENT de las tablas volcadas
--

--
-- AUTO_INCREMENT de la tabla `cursadas`
--
ALTER TABLE `cursadas`
MODIFY `id` int(4) NOT NULL AUTO_INCREMENT,AUTO_INCREMENT=11;
--
-- AUTO_INCREMENT de la tabla `examenes`
--
ALTER TABLE `examenes`
MODIFY `id_examen` int(11) NOT NULL AUTO_INCREMENT,AUTO_INCREMENT=8;
--
-- AUTO_INCREMENT de la tabla `instancias_evaluaciones`
--
ALTER TABLE `instancias_evaluaciones`
MODIFY `id` int(4) NOT NULL AUTO_INCREMENT,AUTO_INCREMENT=3;
--
-- AUTO_INCREMENT de la tabla `parciales`
--
ALTER TABLE `parciales`
MODIFY `id` int(4) NOT NULL AUTO_INCREMENT,AUTO_INCREMENT=5;
/*!40101 SET CHARACTER_SET_CLIENT=@OLD_CHARACTER_SET_CLIENT */;
/*!40101 SET CHARACTER_SET_RESULTS=@OLD_CHARACTER_SET_RESULTS */;
/*!40101 SET COLLATION_CONNECTION=@OLD_COLLATION_CONNECTION */;
