-- phpMyAdmin SQL Dump
-- version 4.2.7.1
-- http://www.phpmyadmin.net
--
-- Servidor: 127.0.0.1
-- Tiempo de generación: 05-06-2017 a las 16:56:03
-- Versión del servidor: 5.5.39
-- Versión de PHP: 5.4.31

SET SQL_MODE = "NO_AUTO_VALUE_ON_ZERO";
SET time_zone = "+00:00";


/*!40101 SET @OLD_CHARACTER_SET_CLIENT=@@CHARACTER_SET_CLIENT */;
/*!40101 SET @OLD_CHARACTER_SET_RESULTS=@@CHARACTER_SET_RESULTS */;
/*!40101 SET @OLD_COLLATION_CONNECTION=@@COLLATION_CONNECTION */;
/*!40101 SET NAMES utf8 */;

--
-- Base de datos: `modelo_del_estudiante`
--
CREATE DATABASE IF NOT EXISTS `modelo_del_estudiante` DEFAULT CHARACTER SET latin1 COLLATE latin1_swedish_ci;
USE `modelo_del_estudiante`;

-- --------------------------------------------------------

--
-- Estructura de tabla para la tabla `alumnos`
--

DROP TABLE IF EXISTS `alumnos`;
CREATE TABLE IF NOT EXISTS `alumnos` (
  `dni` bigint(20) NOT NULL,
  `legajo` bigint(20) NOT NULL,
  `apellido` varchar(40) NOT NULL,
  `nombre` varchar(40) NOT NULL
) ENGINE=InnoDB DEFAULT CHARSET=latin1;

--
-- Volcado de datos para la tabla `alumnos`
--

INSERT INTO `alumnos` (`dni`, `legajo`, `apellido`, `nombre`) VALUES
(2342342, 432, 'Basualdo', 'Jackeline'),
(12342234, 1, 'Lopez', 'Juan'),
(12631232, 726312, 'Bores', 'Tato'),
(16254212, 42342, 'Puchetto', 'Marisa'),
(19183198, 912871928, 'perez', 'Romualdo'),
(20123456, 1234, 'Lanfranconi', 'Carolina'),
(23198293, 2, 'Alvarez', 'Pedro'),
(28732123, 81238123, 'Echenique', 'Elba'),
(34987671, 42342, 'Marinoni', 'Roberto'),
(45192891, 35, 'Lazzurri', 'Guillermo'),
(82748278, 4215125, 'Fox', 'Megan'),
(91827361, 42342, 'Travellini', 'Mariana'),
(99999999, 123123, 'Abalos', 'Pedro'),
(293472923, 23452343, 'Johansen', 'Scarlet'),
(345353435, 1231231, 'Gomez', 'Luis');

-- --------------------------------------------------------

--
-- Estructura de tabla para la tabla `asignaturas`
--

DROP TABLE IF EXISTS `asignaturas`;
CREATE TABLE IF NOT EXISTS `asignaturas` (
  `codigo` varchar(10) NOT NULL,
  `nombre` varchar(20) NOT NULL,
  `arbol_dominio` blob
) ENGINE=InnoDB DEFAULT CHARSET=latin1;

--
-- Volcado de datos para la tabla `asignaturas`
--

INSERT INTO `asignaturas` (`codigo`, `nombre`, `arbol_dominio`) VALUES
('c001', 'Computacion', 0xaced0005737200186d6f64656c6f2e4172626f6c506572747572626163696f6e592cdacebfa109820200044c000b6465736372697063696f6e7400124c6a6176612f6c616e672f537472696e673b4c00066e6f6d62726571007e00014c00047261697a7400194c6d6f64656c6f2f4e6f646f506572747572626163696f6e3b4c0009747265654d6f64656c7400234c6a617661782f7377696e672f747265652f44656661756c74547265654d6f64656c3b78707400163c2073696e20646573637269706369c383c2b36e203e740000737200176d6f64656c6f2e4e6f646f506572747572626163696f6ef2e252858c9d0bbf0200014c0007696d70616374617400194c6a6176612f7574696c2f4c696e6b6564486173685365743b787200276a617661782e7377696e672e747265652e44656661756c744d757461626c65547265654e6f6465c458bffcf2a871e00300035a000e616c6c6f77734368696c6472656e4c00086368696c6472656e7400124c6a6176612f7574696c2f566563746f723b4c0006706172656e747400224c6a617661782f7377696e672f747265652f4d757461626c65547265654e6f64653b787001737200106a6176612e7574696c2e566563746f72d9977d5b803baf010300034900116361706163697479496e6372656d656e7449000c656c656d656e74436f756e745b000b656c656d656e74446174617400135b4c6a6176612f6c616e672f4f626a6563743b78700000000000000003757200135b4c6a6176612e6c616e672e4f626a6563743b90ce589f1073296c02000078700000000a7371007e0007017371007e000d00000000000000047571007e00100000000a7371007e0007017071007e00127571007e00100000000274000a757365724f626a6563747372000f6d6f64656c6f2e4461746f4265616eae0b7951a095b15f0200034c000c65746971756574614265616e7400154c6d6f64656c6f2f45746971756574614265616e3b4c000669644461746f71007e00014c000f70726f7065727479537570706f72747400224c6a6176612f6265616e732f50726f70657274794368616e6765537570706f72743b7870737200136d6f64656c6f2e45746971756574614265616eb0bc9d2c62d8bbee020004440009617072656e6469646f440008636f6e6f6369646f44000b646573636f6e6f6369646f4400157061726369616c6d656e74655f636f6e6f6369646f78700000000000000000000000000000000000000000000000000000000000000000740001617078737200176a6176612e7574696c2e4c696e6b656448617368536574d86cd75a95dd2a1e020000787200116a6176612e7574696c2e48617368536574ba44859596b8b7340300007870770c000000023f400000000000017b737200206a6176612e696f2e4e6f7453657269616c697a61626c65457863657074696f6e28567800e78616350200007872001d6a6176612e696f2e4f626a65637453747265616d457863657074696f6e64c3e46b8d39fbdf020000787200136a6176612e696f2e494f457863657074696f6e6c8073646525f0ab020000787200136a6176612e6c616e672e457863657074696f6ed0fd1f3e1a3b1cc4020000787200136a6176612e6c616e672e5468726f7761626c65d5c635273977b8cb0300044c000563617573657400154c6a6176612f6c616e672f5468726f7761626c653b4c000d64657461696c4d6573736167657400124c6a6176612f6c616e672f537472696e673b5b000a737461636b547261636574001e5b4c6a6176612f6c616e672f537461636b5472616365456c656d656e743b4c001473757070726573736564457863657074696f6e737400104c6a6176612f7574696c2f4c6973743b787071007e00097400166d6f64656c6f2e52656c6163696f6e496d706163746f7572001e5b4c6a6176612e6c616e672e537461636b5472616365456c656d656e743b02462a3c3cfd22390200007870000000707372001b6a6176612e6c616e672e537461636b5472616365456c656d656e746109c59a2636dd8502000449000a6c696e654e756d6265724c000e6465636c6172696e67436c61737371007e00064c000866696c654e616d6571007e00064c000a6d6574686f644e616d6571007e00067870000004a074001a6a6176612e696f2e4f626a6563744f757470757453747265616d7400174f626a6563744f757470757453747265616d2e6a61766174000c77726974654f626a656374307371007e000d0000015c71007e000f71007e001074000b77726974654f626a6563747371007e000d0000011f7400116a6176612e7574696c2e4861736853657474000c486173685365742e6a61766171007e00137371007e000dfffffffe74002473756e2e7265666c6563742e4e61746976654d6574686f644163636573736f72496d706c74001d4e61746976654d6574686f644163636573736f72496d706c2e6a617661740007696e766f6b65307371007e000d0000003e71007e001871007e0019740006696e766f6b657371007e000d0000002b74002873756e2e7265666c6563742e44656c65676174696e674d6574686f644163636573736f72496d706c74002144656c65676174696e674d6574686f644163636573736f72496d706c2e6a61766171007e001c7371007e000d000001f17400186a6176612e6c616e672e7265666c6563742e4d6574686f6474000b4d6574686f642e6a61766171007e001c7371007e000d000003dc7400196a6176612e696f2e4f626a65637453747265616d436c6173737400164f626a65637453747265616d436c6173732e6a617661740011696e766f6b6557726974654f626a6563747371007e000d000005d871007e000f71007e001074000f777269746553657269616c446174617371007e000d0000059871007e000f71007e001074001377726974654f7264696e6172794f626a6563747371007e000d0000049a71007e000f71007e001071007e00117371007e000d0000060c71007e000f71007e001074001264656661756c7457726974654669656c64737371007e000d000005e571007e000f71007e001071007e00287371007e000d0000059871007e000f71007e001071007e002a7371007e000d0000049a71007e000f71007e001071007e00117371007e000d0000056271007e000f71007e001074000a777269746541727261797371007e000d0000049671007e000f71007e001071007e00117371007e000d000000a271007e000f71007e001074000a616363657373243330307371007e000d000006ab7400276a6176612e696f2e4f626a6563744f757470757453747265616d245075744669656c64496d706c71007e001074000b77726974654669656c64737371007e000d000001e271007e000f71007e001071007e00387371007e000d000004357400106a6176612e7574696c2e566563746f7274000b566563746f722e6a61766171007e00137371007e000dfffffffe71007e001871007e001971007e001a7371007e000d0000003e71007e001871007e001971007e001c7371007e000d0000002b71007e001e71007e001f71007e001c7371007e000d000001f171007e002171007e002271007e001c7371007e000d000003dc71007e002471007e002571007e00267371007e000d000005d871007e000f71007e001071007e00287371007e000d0000059871007e000f71007e001071007e002a7371007e000d0000049a71007e000f71007e001071007e00117371007e000d0000060c71007e000f71007e001071007e002d7371007e000d000001b971007e000f71007e001074001264656661756c7457726974654f626a6563747371007e000d000004fe7400276a617661782e7377696e672e747265652e44656661756c744d757461626c65547265654e6f646574001b44656661756c744d757461626c65547265654e6f64652e6a61766171007e00137371007e000dfffffffe71007e001871007e001971007e001a7371007e000d0000003e71007e001871007e001971007e001c7371007e000d0000002b71007e001e71007e001f71007e001c7371007e000d000001f171007e002171007e002271007e001c7371007e000d000003dc71007e002471007e002571007e00267371007e000d000005d871007e000f71007e001071007e00287371007e000d0000059871007e000f71007e001071007e002a7371007e000d0000049a71007e000f71007e001071007e00117371007e000d0000056271007e000f71007e001071007e00327371007e000d0000049671007e000f71007e001071007e00117371007e000d000000a271007e000f71007e001071007e00357371007e000d000006ab71007e003771007e001071007e00387371007e000d000001e271007e000f71007e001071007e00387371007e000d0000043571007e003b71007e003c71007e00137371007e000dfffffffe71007e001871007e001971007e001a7371007e000d0000003e71007e001871007e001971007e001c7371007e000d0000002b71007e001e71007e001f71007e001c7371007e000d000001f171007e002171007e002271007e001c7371007e000d000003dc71007e002471007e002571007e00267371007e000d000005d871007e000f71007e001071007e00287371007e000d0000059871007e000f71007e001071007e002a7371007e000d0000049a71007e000f71007e001071007e00117371007e000d0000060c71007e000f71007e001071007e002d7371007e000d000001b971007e000f71007e001071007e00477371007e000d000004fe71007e004971007e004a71007e00137371007e000dfffffffe71007e001871007e001971007e001a7371007e000d0000003e71007e001871007e001971007e001c7371007e000d0000002b71007e001e71007e001f71007e001c7371007e000d000001f171007e002171007e002271007e001c7371007e000d000003dc71007e002471007e002571007e00267371007e000d000005d871007e000f71007e001071007e00287371007e000d0000059871007e000f71007e001071007e002a7371007e000d0000049a71007e000f71007e001071007e00117371007e000d0000060c71007e000f71007e001071007e002d7371007e000d000005e571007e000f71007e001071007e00287371007e000d0000059871007e000f71007e001071007e002a7371007e000d0000049a71007e000f71007e001071007e00117371007e000d0000015c71007e000f71007e001071007e00137371007e000d000000ac7400186d6f64656c6f2e4172626f6c506572747572626163696f6e7400164172626f6c506572747572626163696f6e2e6a61766174000a73657269616c697a61727371007e000d0000007c740019626173655f64655f6461746f732e4261736544654461746f737400104261736544654461746f732e6a61766174001d61637475616c697a61725f6172626f6c5f706572747572626163696f6e7371007e000d0000001c74001c6d6f64656c6f2e4d6f64656c6f5f41424d5f417369676e617475726174001a4d6f64656c6f5f41424d5f417369676e61747572612e6a61766171007e00787371007e000d0000021074001055492e55495f417369676e617475726174001255495f417369676e61747572612e6a61766174001e6a427574746f6e5f61636570746172416374696f6e506572666f726d65647371007e000d0000002871007e007d71007e007e74000a616363657373243430307371007e000d0000011874001255492e55495f417369676e6174757261243471007e007e74000f616374696f6e506572666f726d65647371007e000d000007e674001a6a617661782e7377696e672e4162737472616374427574746f6e7400134162737472616374427574746f6e2e6a61766174001366697265416374696f6e506572666f726d65647371007e000d0000092c7400226a617661782e7377696e672e4162737472616374427574746f6e2448616e646c657271007e008771007e00847371007e000d0000019274001e6a617661782e7377696e672e44656661756c74427574746f6e4d6f64656c74001744656661756c74427574746f6e4d6f64656c2e6a61766171007e00887371007e000d0000010371007e008c71007e008d74000a736574507265737365647371007e000d000000fc74002a6a617661782e7377696e672e706c61662e62617369632e4261736963427574746f6e4c697374656e65727400184261736963427574746f6e4c697374656e65722e6a61766174000d6d6f75736552656c65617365647371007e000d000019877400126a6176612e6177742e436f6d706f6e656e7474000e436f6d706f6e656e742e6a61766174001170726f636573734d6f7573654576656e747371007e000d00000cfc7400166a617661782e7377696e672e4a436f6d706f6e656e7474000f4a436f6d706f6e656e742e6a61766171007e00977371007e000d0000189c71007e009571007e009674000c70726f636573734576656e747371007e000d000008bc7400126a6176612e6177742e436f6e7461696e657274000e436f6e7461696e65722e6a61766171007e009c7371007e000d0000131b71007e009571007e009674001164697370617463684576656e74496d706c7371007e000d000008f671007e009e71007e009f71007e00a17371007e000d0000126971007e009571007e009674000d64697370617463684576656e747371007e000d0000131874001e6a6176612e6177742e4c696768747765696768744469737061746368657271007e009f74001272657461726765744d6f7573654576656e747371007e000d000011ad71007e00a671007e009f71007e00977371007e000d0000117271007e00a671007e009f71007e00a47371007e000d000008e871007e009e71007e009f71007e00a17371007e000d00000abe74000f6a6176612e6177742e57696e646f7774000b57696e646f772e6a61766171007e00a17371007e000d0000126971007e009571007e009671007e00a47371007e000d000002f67400136a6176612e6177742e4576656e74517565756574000f4576656e7451756575652e6a61766171007e00a17371007e000d0000006171007e00b071007e00b174000a616363657373243530307371007e000d000002c57400156a6176612e6177742e4576656e745175657565243371007e00b174000372756e7371007e000d000002bf71007e00b571007e00b171007e00b67371007e000dfffffffe74001e6a6176612e73656375726974792e416363657373436f6e74726f6c6c6572740015416363657373436f6e74726f6c6c65722e6a61766174000c646f50726976696c656765647371007e000d0000004c7400356a6176612e73656375726974792e50726f74656374696f6e446f6d61696e244a6176615365637572697479416363657373496d706c74001550726f74656374696f6e446f6d61696e2e6a617661740017646f496e74657273656374696f6e50726976696c6567657371007e000d0000005671007e00bd71007e00be71007e00bf7371007e000d000002db7400156a6176612e6177742e4576656e745175657565243471007e00b171007e00b67371007e000d000002d971007e00c271007e00b171007e00b67371007e000dfffffffe71007e00b971007e00ba71007e00bb7371007e000d0000004c71007e00bd71007e00be71007e00bf7371007e000d000002d871007e00b071007e00b171007e00a47371007e000d000000c974001c6a6176612e6177742e4576656e7444697370617463685468726561647400184576656e7444697370617463685468726561642e6a61766174001670756d704f6e654576656e74466f7246696c746572737371007e000d0000007471007e00c871007e00c974001370756d704576656e7473466f7246696c7465727371007e000d0000006971007e00c871007e00c974001670756d704576656e7473466f724869657261726368797371007e000d0000006571007e00c871007e00c974000a70756d704576656e74737371007e000d0000005d71007e00c871007e00c971007e00d07371007e000d0000005271007e00c871007e00c971007e00b6737200266a6176612e7574696c2e436f6c6c656374696f6e7324556e6d6f6469666961626c654c697374fc0f2531b5ec8e100200014c00046c69737471007e00087872002c6a6176612e7574696c2e436f6c6c656374696f6e7324556e6d6f6469666961626c65436f6c6c656374696f6e19420080cb5ef71e0200014c0001637400164c6a6176612f7574696c2f436f6c6c656374696f6e3b7870737200136a6176612e7574696c2e41727261794c6973747881d21d99c7619d03000149000473697a657870000000007704000000007871007e00d878),
('Fis001', 'Fisica 1', 0xaced0005737200186d6f64656c6f2e4172626f6c506572747572626163696f6e592cdacebfa109820200044c000b6465736372697063696f6e7400124c6a6176612f6c616e672f537472696e673b4c00066e6f6d62726571007e00014c00047261697a7400194c6d6f64656c6f2f4e6f646f506572747572626163696f6e3b4c0009747265654d6f64656c7400234c6a617661782f7377696e672f747265652f44656661756c74547265654d6f64656c3b78707400143c2073696e20646573637269706369c3b36e203e740000737200176d6f64656c6f2e4e6f646f506572747572626163696f6ef2e252858c9d0bbf0200014c0007696d70616374617400194c6a6176612f7574696c2f4c696e6b6564486173685365743b787200276a617661782e7377696e672e747265652e44656661756c744d757461626c65547265654e6f6465c458bffcf2a871e00300035a000e616c6c6f77734368696c6472656e4c00086368696c6472656e7400124c6a6176612f7574696c2f566563746f723b4c0006706172656e747400224c6a617661782f7377696e672f747265652f4d757461626c65547265654e6f64653b787001737200106a6176612e7574696c2e566563746f72d9977d5b803baf010300034900116361706163697479496e6372656d656e7449000c656c656d656e74436f756e745b000b656c656d656e74446174617400135b4c6a6176612f6c616e672f4f626a6563743b78700000000000000002757200135b4c6a6176612e6c616e672e4f626a6563743b90ce589f1073296c02000078700000000a7371007e0007017071007e000c7571007e00100000000274000a757365724f626a6563747372000f6d6f64656c6f2e4461746f4265616eae0b7951a095b15f0200034c000c65746971756574614265616e7400154c6d6f64656c6f2f45746971756574614265616e3b4c000669644461746f71007e00014c000f70726f7065727479537570706f72747400224c6a6176612f6265616e732f50726f70657274794368616e6765537570706f72743b7870737200136d6f64656c6f2e45746971756574614265616eb0bc9d2c62d8bbee020004440009617072656e6469646f440008636f6e6f6369646f44000b646573636f6e6f6369646f4400157061726369616c6d656e74655f636f6e6f6369646f787000000000000000000000000000000000000000000000000000000000000000007400034d52557078737200176a6176612e7574696c2e4c696e6b656448617368536574d86cd75a95dd2a1e020000787200116a6176612e7574696c2e48617368536574ba44859596b8b7340300007870770c000000103f40000000000000787371007e0007017071007e000c7571007e00100000000271007e00147371007e00157371007e001900000000000000000000000000000000000000000000000000000000000000007400034d555670787371007e001c770c000000103f4000000000000078707070707070707078707571007e00100000000271007e00147371007e00157371007e0019000000000000000000000000000000000000000000000000000000000000000074000666697369636170787371007e001c770c000000103f4000000000000078737200216a617661782e7377696e672e747265652e44656661756c74547265654d6f64656ca7be91261ac5e5d90300035a001261736b73416c6c6f77734368696c6472656e4c000c6c697374656e65724c6973747400254c6a617661782f7377696e672f6576656e742f4576656e744c697374656e65724c6973743b4c0004726f6f7474001b4c6a617661782f7377696e672f747265652f547265654e6f64653b787000737200236a617661782e7377696e672e6576656e742e4576656e744c697374656e65724c697374b136c67d84ead6440300007870707871007e000c7371007e000d00000000000000027571007e00100000000a740004726f6f7471007e000c70707070707070707878),
('g002', 'Geografia', 0xaced0005737200186d6f64656c6f2e4172626f6c506572747572626163696f6e592cdacebfa109820200044c000b6465736372697063696f6e7400124c6a6176612f6c616e672f537472696e673b4c00066e6f6d62726571007e00014c00047261697a7400194c6d6f64656c6f2f4e6f646f506572747572626163696f6e3b4c0009747265654d6f64656c7400234c6a617661782f7377696e672f747265652f44656661756c74547265654d6f64656c3b78707400143c2073696e20646573637269706369c3b36e203e740000737200176d6f64656c6f2e4e6f646f506572747572626163696f6ef2e252858c9d0bbf0200014c0007696d70616374617400194c6a6176612f7574696c2f4c696e6b6564486173685365743b787200276a617661782e7377696e672e747265652e44656661756c744d757461626c65547265654e6f6465c458bffcf2a871e00300035a000e616c6c6f77734368696c6472656e4c00086368696c6472656e7400124c6a6176612f7574696c2f566563746f723b4c0006706172656e747400224c6a617661782f7377696e672f747265652f4d757461626c65547265654e6f64653b787001737200106a6176612e7574696c2e566563746f72d9977d5b803baf010300034900116361706163697479496e6372656d656e7449000c656c656d656e74436f756e745b000b656c656d656e74446174617400135b4c6a6176612f6c616e672f4f626a6563743b78700000000000000002757200135b4c6a6176612e6c616e672e4f626a6563743b90ce589f1073296c02000078700000000a7371007e0007017071007e000c7571007e00100000000274000a757365724f626a6563747372000f6d6f64656c6f2e4461746f4265616eae0b7951a095b15f0200034c000c65746971756574614265616e7400154c6d6f64656c6f2f45746971756574614265616e3b4c000669644461746f71007e00014c000f70726f7065727479537570706f72747400224c6a6176612f6265616e732f50726f70657274794368616e6765537570706f72743b7870737200136d6f64656c6f2e45746971756574614265616eb0bc9d2c62d8bbee020004440009617072656e6469646f440008636f6e6f6369646f44000b646573636f6e6f6369646f4400157061726369616c6d656e74655f636f6e6f6369646f787000000000000000000000000000000000000000000000000000000000000000007400074c696d697465737078737200176a6176612e7574696c2e4c696e6b656448617368536574d86cd75a95dd2a1e020000787200116a6176612e7574696c2e48617368536574ba44859596b8b7340300007870770c000000103f40000000000000787371007e0007017071007e000c7571007e00100000000271007e00147371007e00157371007e00190000000000000000000000000000000000000000000000000000000000000000740005436c696d6170787371007e001c770c000000103f4000000000000078707070707070707078707571007e00100000000271007e00147371007e00157371007e0019000000000000000000000000000000000000000000000000000000000000000074000947656f67726166696170787371007e001c770c000000103f4000000000000078737200216a617661782e7377696e672e747265652e44656661756c74547265654d6f64656ca7be91261ac5e5d90300035a001261736b73416c6c6f77734368696c6472656e4c000c6c697374656e65724c6973747400254c6a617661782f7377696e672f6576656e742f4576656e744c697374656e65724c6973743b4c0004726f6f7474001b4c6a617661782f7377696e672f747265652f547265654e6f64653b787000737200236a617661782e7377696e672e6576656e742e4576656e744c697374656e65724c697374b136c67d84ead6440300007870707871007e000c7371007e000d00000000000000027571007e00100000000a740004726f6f7471007e000c70707070707070707878),
('h2', 'Historia 3', 0xaced0005737200186d6f64656c6f2e4172626f6c506572747572626163696f6e592cdacebfa109820200044c000b6465736372697063696f6e7400124c6a6176612f6c616e672f537472696e673b4c00066e6f6d62726571007e00014c00047261697a7400194c6d6f64656c6f2f4e6f646f506572747572626163696f6e3b4c0009747265654d6f64656c7400234c6a617661782f7377696e672f747265652f44656661756c74547265654d6f64656c3b787074001a3c2073696e20646573637269706369c383c692c382c2b36e203e740000737200176d6f64656c6f2e4e6f646f506572747572626163696f6ef2e252858c9d0bbf0200014c0007696d70616374617400194c6a6176612f7574696c2f4c696e6b6564486173685365743b787200276a617661782e7377696e672e747265652e44656661756c744d757461626c65547265654e6f6465c458bffcf2a871e00300035a000e616c6c6f77734368696c6472656e4c00086368696c6472656e7400124c6a6176612f7574696c2f566563746f723b4c0006706172656e747400224c6a617661782f7377696e672f747265652f4d757461626c65547265654e6f64653b787001737200106a6176612e7574696c2e566563746f72d9977d5b803baf010300034900116361706163697479496e6372656d656e7449000c656c656d656e74436f756e745b000b656c656d656e74446174617400135b4c6a6176612f6c616e672f4f626a6563743b78700000000000000003757200135b4c6a6176612e6c616e672e4f626a6563743b90ce589f1073296c02000078700000000a7371007e0007017371007e000d00000000000000027571007e00100000000a7371007e0007017071007e00127571007e00100000000274000a757365724f626a6563747372000f6d6f64656c6f2e4461746f4265616eae0b7951a095b15f0200034c000c65746971756574614265616e7400154c6d6f64656c6f2f45746971756574614265616e3b4c000669644461746f71007e00014c000f70726f7065727479537570706f72747400224c6a6176612f6265616e732f50726f70657274794368616e6765537570706f72743b7870737200136d6f64656c6f2e45746971756574614265616eb0bc9d2c62d8bbee020004440009617072656e6469646f440008636f6e6f6369646f44000b646573636f6e6f6369646f4400157061726369616c6d656e74655f636f6e6f6369646f78700000000000000000000000000000000000000000000000000000000000000000740001317078737200176a6176612e7574696c2e4c696e6b656448617368536574d86cd75a95dd2a1e020000787200116a6176612e7574696c2e48617368536574ba44859596b8b7340300007870770c000000013f40000000000000787371007e0007017071007e00127571007e00100000000271007e00177371007e00187371007e001c00000000000000000000000000000000000000000000000000000000000000007400013270787371007e001f770c000000023f40000000000001737200166d6f64656c6f2e52656c6163696f6e496d706163746f1041728bdd177b5002000244000576616c6f724c00046e6f646f71007e0002787000000000000000007371007e000701707371007e0007017371007e000d00000000000000027571007e00100000000a71007e002a7371007e0007017071007e002b7571007e00100000000271007e00177371007e00187371007e001c0000000000000000000000000000000000000000000000000000000000000000740002494970787371007e001f770c000000043f400000000000027371007e002800000000000000007371007e000701707371007e0007017371007e000d00000000000000037571007e00100000000a71007e002b71007e00357371007e0007017071007e00367571007e00100000000271007e00177371007e00187371007e001c00000000000000000000000000000000000000000000000000000000000000007400013570787371007e001f770c000000013f4000000000000078707070707070707871007e000c7571007e00100000000271007e00177371007e00187371007e001c00000000000000000000000000000000000000000000000000000000000000007400016270787371007e001f770c000000013f40000000000000787571007e00100000000271007e00177371007e00187371007e001c00000000000000000000000000000000000000000000000000000000000000007400013470787371007e001f770c000000013f40000000000000787371007e0028000000000000000071007e00397870707070707070707871007e00367571007e00100000000271007e00177371007e00187371007e001c00000000000000000000000000000000000000000000000000000000000000007400013370787371007e001f770c000000023f400000000000017371007e0028000000000000000071007e0035787571007e00100000000271007e00177371007e00187371007e001c00000000000000000000000000000000000000000000000000000000000000007400014970787371007e001f770c000000013f40000000000000787870707070707070707871007e000c7571007e00100000000271007e00177371007e00187371007e001c00000000000000000000000000000000000000000000000000000000000000007400016170787371007e001f770c000000013f400000000000007871007e00367371007e0007017071007e000c7571007e00100000000271007e00177371007e00187371007e001c00000000000000000000000000000000000000000000000000000000000000007400016370787371007e001f770c000000013f40000000000000787070707070707078707571007e00100000000271007e00177371007e00187371007e001c0000000000000000000000000000000000000000000000000000000000000000740008486973746f72696170787371007e001f770c000000013f4000000000000078737200216a617661782e7377696e672e747265652e44656661756c74547265654d6f64656ca7be91261ac5e5d90300035a001261736b73416c6c6f77734368696c6472656e4c000c6c697374656e65724c6973747400254c6a617661782f7377696e672f6576656e742f4576656e744c697374656e65724c6973743b4c0004726f6f7474001b4c6a617661782f7377696e672f747265652f547265654e6f64653b787000737200236a617661782e7377696e672e6576656e742e4576656e744c697374656e65724c697374b136c67d84ead6440300007870707871007e000c7371007e000d00000000000000027571007e00100000000a740004726f6f7471007e000c70707070707070707878),
('m1', 'Matematica 1', 0xaced0005737200186d6f64656c6f2e4172626f6c506572747572626163696f6e592cdacebfa109820200044c000b6465736372697063696f6e7400124c6a6176612f6c616e672f537472696e673b4c00066e6f6d62726571007e00014c00047261697a7400194c6d6f64656c6f2f4e6f646f506572747572626163696f6e3b4c0009747265654d6f64656c7400234c6a617661782f7377696e672f747265652f44656661756c74547265654d6f64656c3b78707400143c2073696e20646573637269706369c3b36e203e740000737200176d6f64656c6f2e4e6f646f506572747572626163696f6ef2e252858c9d0bbf0200014c0007696d70616374617400194c6a6176612f7574696c2f4c696e6b6564486173685365743b787200276a617661782e7377696e672e747265652e44656661756c744d757461626c65547265654e6f6465c458bffcf2a871e00300035a000e616c6c6f77734368696c6472656e4c00086368696c6472656e7400124c6a6176612f7574696c2f566563746f723b4c0006706172656e747400224c6a617661782f7377696e672f747265652f4d757461626c65547265654e6f64653b787001737200106a6176612e7574696c2e566563746f72d9977d5b803baf010300034900116361706163697479496e6372656d656e7449000c656c656d656e74436f756e745b000b656c656d656e74446174617400135b4c6a6176612f6c616e672f4f626a6563743b78700000000000000002757200135b4c6a6176612e6c616e672e4f626a6563743b90ce589f1073296c02000078700000000a7371007e0007017071007e000c7571007e00100000000274000a757365724f626a6563747372000f6d6f64656c6f2e4461746f4265616eae0b7951a095b15f0200034c000c65746971756574614265616e7400154c6d6f64656c6f2f45746971756574614265616e3b4c000669644461746f71007e00014c000f70726f7065727479537570706f72747400224c6a6176612f6265616e732f50726f70657274794368616e6765537570706f72743b7870737200136d6f64656c6f2e45746971756574614265616eb0bc9d2c62d8bbee020004440009617072656e6469646f440008636f6e6f6369646f44000b646573636f6e6f6369646f4400157061726369616c6d656e74655f636f6e6f6369646f7870000000000000000000000000000000000000000000000000000000000000000074000d636f6e6a756e746f73206e756d7078737200176a6176612e7574696c2e4c696e6b656448617368536574d86cd75a95dd2a1e020000787200116a6176612e7574696c2e48617368536574ba44859596b8b7340300007870770c000000103f40000000000000787371007e0007017371007e000d00000000000000027571007e00100000000a7371007e0007017071007e001f7571007e00100000000271007e00147371007e00157371007e001900000000000000000000000000000000000000000000000000000000000000007400066c696e65616c70787371007e001c770c000000103f40000000000000787371007e0007017071007e001f7571007e00100000000271007e00147371007e00157371007e0019000000000000000000000000000000000000000000000000000000000000000074000a6375616472617469636170787371007e001c770c000000103f400000000000007870707070707070707871007e000c7571007e00100000000271007e00147371007e00157371007e0019000000000000000000000000000000000000000000000000000000000000000074000966756e63696f6e657370787371007e001c770c000000103f4000000000000078707070707070707078707571007e00100000000271007e00147371007e00157371007e0019000000000000000000000000000000000000000000000000000000000000000074000a6d6174656d617469636170787371007e001c770c000000103f4000000000000078737200216a617661782e7377696e672e747265652e44656661756c74547265654d6f64656ca7be91261ac5e5d90300035a001261736b73416c6c6f77734368696c6472656e4c000c6c697374656e65724c6973747400254c6a617661782f7377696e672f6576656e742f4576656e744c697374656e65724c6973743b4c0004726f6f7474001b4c6a617661782f7377696e672f747265652f547265654e6f64653b787000737200236a617661782e7377696e672e6576656e742e4576656e744c697374656e65724c697374b136c67d84ead6440300007870707871007e000c7371007e000d00000000000000027571007e00100000000a740004726f6f7471007e000c70707070707070707878);
INSERT INTO `asignaturas` (`codigo`, `nombre`, `arbol_dominio`) VALUES
('Prog03', 'Programacion III', 0xaced0005737200186d6f64656c6f2e4172626f6c506572747572626163696f6e592cdacebfa109820200044c000b6465736372697063696f6e7400124c6a6176612f6c616e672f537472696e673b4c00066e6f6d62726571007e00014c00047261697a7400194c6d6f64656c6f2f4e6f646f506572747572626163696f6e3b4c0009747265654d6f64656c7400234c6a617661782f7377696e672f747265652f44656661756c74547265654d6f64656c3b78707400163c2073696e20646573637269706369c383c2b36e203e74001050726f6772616d6163696f6e20494949737200176d6f64656c6f2e4e6f646f506572747572626163696f6ef2e252858c9d0bbf0200014c0007696d70616374617400194c6a6176612f7574696c2f4c696e6b6564486173685365743b787200276a617661782e7377696e672e747265652e44656661756c744d757461626c65547265654e6f6465c458bffcf2a871e00300035a000e616c6c6f77734368696c6472656e4c00086368696c6472656e7400124c6a6176612f7574696c2f566563746f723b4c0006706172656e747400224c6a617661782f7377696e672f747265652f4d757461626c65547265654e6f64653b787001737200106a6176612e7574696c2e566563746f72d9977d5b803baf010300034900116361706163697479496e6372656d656e7449000c656c656d656e74436f756e745b000b656c656d656e74446174617400135b4c6a6176612f6c616e672f4f626a6563743b7870000000000000000e757200135b4c6a6176612e6c616e672e4f626a6563743b90ce589f1073296c0200007870000000147371007e0007017371007e000d00000000000000037571007e00100000000a7371007e0007017371007e000d00000000000000037571007e00100000000a7371007e0007017071007e00157571007e00100000000274000a757365724f626a6563747372000f6d6f64656c6f2e4461746f4265616eae0b7951a095b15f0200034c000c65746971756574614265616e7400154c6d6f64656c6f2f45746971756574614265616e3b4c000669644461746f71007e00014c000f70726f7065727479537570706f72747400224c6a6176612f6265616e732f50726f70657274794368616e6765537570706f72743b7870737200136d6f64656c6f2e45746971756574614265616eb0bc9d2c62d8bbee020004440009617072656e6469646f440008636f6e6f6369646f44000b646573636f6e6f6369646f4400157061726369616c6d656e74655f636f6e6f6369646f7870000000000000000000000000000000000000000000000000000000000000000074000645737461646f7078737200176a6176612e7574696c2e4c696e6b656448617368536574d86cd75a95dd2a1e020000787200116a6176612e7574696c2e48617368536574ba44859596b8b7340300007870770c000000103f40000000000000787371007e0007017071007e00157571007e00100000000271007e001a7371007e001b7371007e001f000000000000000000000000000000000000000000000000000000000000000074000e436f6d706f7274616d69656e746f70787371007e0022770c000000103f40000000000000787371007e0007017071007e00157571007e00100000000271007e001a7371007e001b7371007e001f00000000000000000000000000000000000000000000000000000000000000007400084d656e73616a657370787371007e0022770c000000103f4000000000000078707070707070707871007e00127571007e00100000000271007e001a7371007e001b7371007e001f0000000000000000000000000000000000000000000000000000000000000000740009456c204f626a65746f70787371007e0022770c000000103f40000000000000787371007e0007017371007e000d00000000000000037571007e00100000000a7371007e0007017071007e00367571007e00100000000271007e001a7371007e001b7371007e001f00000000000000000000000000000000000000000000000000000000000000007400074d65746f646f7370787371007e0022770c000000103f40000000000000787371007e0007017071007e00367571007e00100000000271007e001a7371007e001b7371007e001f0000000000000000000000000000000000000000000000000000000000000000740009417472696275746f7370787371007e0022770c000000103f40000000000000787371007e0007017071007e00367571007e00100000000271007e001a7371007e001b7371007e001f000000000000000000000000000000000000000000000000000000000000000074000d436f6e7374727563746f72657370787371007e0022770c000000103f4000000000000078707070707070707871007e00127571007e00100000000271007e001a7371007e001b7371007e001f00000000000000000000000000000000000000000000000000000000000000007400084c6120436c61736570787371007e0022770c000000103f40000000000000787371007e0007017371007e000d00000000000000017571007e00100000000a7371007e0007017071007e00507571007e00100000000271007e001a7371007e001b7371007e001f000000000000000000000000000000000000000000000000000000000000000074000c446961672e20436c6173657370787371007e0022770c000000103f40000000000000787070707070707070707871007e00127571007e00100000000271007e001a7371007e001b7371007e001f0000000000000000000000000000000000000000000000000000000000000000740003554d4c70787371007e0022770c000000103f4000000000000078707070707070707871007e000c7571007e00100000000271007e001a7371007e001b7371007e001f0000000000000000000000000000000000000000000000000000000000000000740003504f4f70787371007e0022770c000000103f40000000000000787371007e0007017371007e000d00000000000000057571007e00100000000a7371007e0007017371007e000d00000000000000037571007e00100000000a7371007e0007017071007e00667571007e00100000000271007e001a7371007e001b7371007e001f000000000000000000000000000000000000000000000000000000000000000074000b5669736962696c6964616470787371007e0022770c000000103f40000000000000787371007e0007017071007e00667571007e00100000000271007e001a7371007e001b7371007e001f00000000000000000000000000000000000000000000000000000000000000007400074765747465727370787371007e0022770c000000103f40000000000000787371007e0007017071007e00667571007e00100000000271007e001a7371007e001b7371007e001f00000000000000000000000000000000000000000000000000000000000000007400075365747465727370787371007e0022770c000000103f4000000000000078707070707070707871007e00637571007e00100000000271007e001a7371007e001b7371007e001f000000000000000000000000000000000000000000000000000000000000000074000b456e63617073756c616d2e70787371007e0022770c000000103f40000000000000787371007e0007017071007e00637571007e00100000000271007e001a7371007e001b7371007e001f000000000000000000000000000000000000000000000000000000000000000074000a536f627265636172676170787371007e0022770c000000103f40000000000000787371007e0007017071007e00637571007e00100000000271007e001a7371007e001b7371007e001f000000000000000000000000000000000000000000000000000000000000000074000f4d69656d62726f732053746174696370787371007e0022770c000000103f40000000000000787371007e0007017371007e000d00000000000000027571007e00100000000a7371007e0007017071007e008c7571007e00100000000271007e001a7371007e001b7371007e001f000000000000000000000000000000000000000000000000000000000000000074000a5072696d697469766f7370787371007e0022770c000000103f40000000000000787371007e0007017071007e008c7571007e00100000000271007e001a7371007e001b7371007e001f000000000000000000000000000000000000000000000000000000000000000074000b5265666572656e6369617370787371007e0022770c000000103f400000000000007870707070707070707871007e00637571007e00100000000271007e001a7371007e001b7371007e001f000000000000000000000000000000000000000000000000000000000000000074000a436f6e7374616e74657370787371007e0022770c000000103f40000000000000787371007e0007017371007e000d00000000000000027571007e00100000000a7371007e0007017071007e00a07571007e00100000000271007e001a7371007e001b7371007e001f000000000000000000000000000000000000000000000000000000000000000074000a41677265676163696f6e70787371007e0022770c000000103f40000000000000787371007e0007017071007e00a07571007e00100000000271007e001a7371007e001b7371007e001f000000000000000000000000000000000000000000000000000000000000000074000b436f6d706f736963696f6e70787371007e0022770c000000103f400000000000007870707070707070707871007e00637571007e00100000000271007e001a7371007e001b7371007e001f000000000000000000000000000000000000000000000000000000000000000074000a41736f63696163696f6e70787371007e0022770c000000103f400000000000007870707070707871007e000c7571007e00100000000271007e001a7371007e001b7371007e001f00000000000000000000000000000000000000000000000000000000000000007400074f626a65746f7370787371007e0022770c000000103f40000000000000787371007e0007017371007e000d00000000000000077571007e00100000000a7371007e0007017371007e000d00000000000000037571007e00100000000a7371007e0007017071007e00bc7571007e00100000000271007e001a7371007e001b7371007e001f000000000000000000000000000000000000000000000000000000000000000074000b446520436f6e747261746f70787371007e0022770c000000103f40000000000000787371007e0007017071007e00bc7571007e00100000000271007e001a7371007e001b7371007e001f000000000000000000000000000000000000000000000000000000000000000074000d446520496d706c656d656e742e70787371007e0022770c000000103f40000000000000787371007e0007017071007e00bc7571007e00100000000271007e001a7371007e001b7371007e001f000000000000000000000000000000000000000000000000000000000000000074000f686572656e2e202f2064656c65672e70787371007e0022770c000000103f4000000000000078707070707070707871007e00b97571007e00100000000271007e001a7371007e001b7371007e001f0000000000000000000000000000000000000000000000000000000000000000740008436f6e636570746f70787371007e0022770c000000103f40000000000000787371007e0007017071007e00b97571007e00100000000271007e001a7371007e001b7371007e001f000000000000000000000000000000000000000000000000000000000000000074000e536f62726565736372697475726170787371007e0022770c000000103f40000000000000787371007e0007017071007e00b97571007e00100000000271007e001a7371007e001b7371007e001f000000000000000000000000000000000000000000000000000000000000000074000c4f63756c74616d69656e746f70787371007e0022770c000000103f40000000000000787371007e0007017071007e00b97571007e00100000000271007e001a7371007e001b7371007e001f000000000000000000000000000000000000000000000000000000000000000074000a50616c2e20537570657270787371007e0022770c000000103f40000000000000787371007e0007017071007e00b97571007e00100000000271007e001a7371007e001b7371007e001f000000000000000000000000000000000000000000000000000000000000000074000d436f6e7374727563746f72657370787371007e0022770c000000103f40000000000000787371007e0007017071007e00b97571007e00100000000271007e001a7371007e001b7371007e001f000000000000000000000000000000000000000000000000000000000000000074000e4f70657261646f722046696e616c70787371007e0022770c000000103f40000000000000787371007e0007017071007e00b97571007e00100000000271007e001a7371007e001b7371007e001f000000000000000000000000000000000000000000000000000000000000000074000e436c2e204162737472616374617370787371007e0022770c000000103f40000000000000787070707871007e000c7571007e00100000000271007e001a7371007e001b7371007e001f0000000000000000000000000000000000000000000000000000000000000000740008486572656e63696170787371007e0022770c000000103f40000000000000787371007e0007017371007e000d00000000000000057571007e00100000000a7371007e0007017071007e00ff7571007e00100000000271007e001a7371007e001b7371007e001f0000000000000000000000000000000000000000000000000000000000000000740008436f6e636570746f70787371007e0022770c000000103f40000000000000787371007e0007017071007e00ff7571007e00100000000271007e001a7371007e001b7371007e001f000000000000000000000000000000000000000000000000000000000000000074000c4c6174652042696e64696e6770787371007e0022770c000000103f40000000000000787371007e0007017071007e00ff7571007e00100000000271007e001a7371007e001b7371007e001f000000000000000000000000000000000000000000000000000000000000000074000970726f74656374656470787371007e0022770c000000103f40000000000000787371007e0007017071007e00ff7571007e00100000000271007e001a7371007e001b7371007e001f000000000000000000000000000000000000000000000000000000000000000074000d5072696e632e204c69736b6f7670787371007e0022770c000000103f40000000000000787371007e0007017071007e00ff7571007e00100000000271007e001a7371007e001b7371007e001f000000000000000000000000000000000000000000000000000000000000000074000f446f75626c6520446973706174636870787371007e0022770c000000103f400000000000007870707070707871007e000c7571007e00100000000271007e001a7371007e001b7371007e001f000000000000000000000000000000000000000000000000000000000000000074000c506f6c696d6f726669736d6f70787371007e0022770c000000103f40000000000000787371007e0007017371007e000d00000000000000037571007e00100000000a7371007e0007017071007e01257571007e00100000000271007e001a7371007e001b7371007e001f000000000000000000000000000000000000000000000000000000000000000074000e507265636f6e646963696f6e657370787371007e0022770c000000103f40000000000000787371007e0007017071007e01257571007e00100000000271007e001a7371007e001b7371007e001f000000000000000000000000000000000000000000000000000000000000000074000f506f7374636f6e646963696f6e657370787371007e0022770c000000103f40000000000000787371007e0007017071007e01257571007e00100000000271007e001a7371007e001b7371007e001f00000000000000000000000000000000000000000000000000000000000000007400074a617661446f6370787371007e0022770c000000103f4000000000000078707070707070707871007e000c7571007e00100000000271007e001a7371007e001b7371007e001f0000000000000000000000000000000000000000000000000000000000000000740009436f6e747261746f7370787371007e0022770c000000103f40000000000000787371007e0007017371007e000d00000000000000067571007e00100000000a7371007e0007017071007e013f7571007e00100000000271007e001a7371007e001b7371007e001f000000000000000000000000000000000000000000000000000000000000000074000e4865722073696d706c2f6d756c7470787371007e0022770c000000103f40000000000000787371007e0007017071007e013f7571007e00100000000271007e001a7371007e001b7371007e001f000000000000000000000000000000000000000000000000000000000000000074001150726f626c656d2e20682e204d756c742e70787371007e0022770c000000103f40000000000000787371007e0007017071007e013f7571007e00100000000271007e001a7371007e001b7371007e001f000000000000000000000000000000000000000000000000000000000000000074000f44697365c3b16f20436f6d706f727470787371007e0022770c000000103f40000000000000787371007e0007017071007e013f7571007e00100000000271007e001a7371007e001b7371007e001f000000000000000000000000000000000000000000000000000000000000000074000f496e746572662e2050726f7069617370787371007e0022770c000000103f40000000000000787371007e0007017071007e013f7571007e00100000000271007e001a7371007e001b7371007e001f000000000000000000000000000000000000000000000000000000000000000074000b5365677265676163696f6e70787371007e0022770c000000103f40000000000000787371007e0007017071007e013f7571007e00100000000271007e001a7371007e001b7371007e001f000000000000000000000000000000000000000000000000000000000000000074000a486572202f20436f6d7070787371007e0022770c000000103f4000000000000078707070707871007e000c7571007e00100000000271007e001a7371007e001b7371007e001f000000000000000000000000000000000000000000000000000000000000000074000a496e746572666163657370787371007e0022770c000000103f40000000000000787371007e0007017371007e000d00000000000000077571007e00100000000a7371007e0007017071007e016b7571007e00100000000271007e001a7371007e001b7371007e001f0000000000000000000000000000000000000000000000000000000000000000740008436f6e636570746f70787371007e0022770c000000103f40000000000000787371007e0007017071007e016b7571007e00100000000271007e001a7371007e001b7371007e001f00000000000000000000000000000000000000000000000000000000000000007400094a657261727175696170787371007e0022770c000000103f40000000000000787371007e0007017071007e016b7571007e00100000000271007e001a7371007e001b7371007e001f000000000000000000000000000000000000000000000000000000000000000074000b747279202d20636174636870787371007e0022770c000000103f40000000000000787371007e0007017071007e016b7571007e00100000000271007e001a7371007e001b7371007e001f00000000000000000000000000000000000000000000000000000000000000007400067468726f777370787371007e0022770c000000103f40000000000000787371007e0007017071007e016b7571007e00100000000271007e001a7371007e001b7371007e001f000000000000000000000000000000000000000000000000000000000000000074000e55736f2064652066696e616c6c7970787371007e0022770c000000103f40000000000000787371007e0007017071007e016b7571007e00100000000271007e001a7371007e001b7371007e001f000000000000000000000000000000000000000000000000000000000000000074000d4e75657661732045786365702e70787371007e0022770c000000103f40000000000000787371007e0007017071007e016b7571007e00100000000271007e001a7371007e001b7371007e001f000000000000000000000000000000000000000000000000000000000000000074000c4d65746f646f20636c6f6e6570787371007e0022770c000000103f40000000000000787070707871007e000c7571007e00100000000271007e001a7371007e001b7371007e001f000000000000000000000000000000000000000000000000000000000000000074000b457863657063696f6e657370787371007e0022770c000000103f40000000000000787371007e0007017371007e000d00000000000000027571007e00100000000a7371007e0007017071007e019d7571007e00100000000271007e001a7371007e001b7371007e001f0000000000000000000000000000000000000000000000000000000000000000740006657175616c7370787371007e0022770c000000103f40000000000000787371007e0007017071007e019d7571007e00100000000271007e001a7371007e001b7371007e001f000000000000000000000000000000000000000000000000000000000000000074000868617368636f646570787371007e0022770c000000103f400000000000007870707070707070707871007e000c7571007e00100000000271007e001a7371007e001b7371007e001f000000000000000000000000000000000000000000000000000000000000000074000c436c617365204f626a65637470787371007e0022770c000000103f40000000000000787371007e0007017371007e000d00000000000000057571007e00100000000a7371007e0007017071007e01b17571007e00100000000271007e001a7371007e001b7371007e001f00000000000000000000000000000000000000000000000000000000000000007400064c697374617370787371007e0022770c000000103f40000000000000787371007e0007017071007e01b17571007e00100000000271007e001a7371007e001b7371007e001f0000000000000000000000000000000000000000000000000000000000000000740009436f6e6a756e746f7370787371007e0022770c000000103f40000000000000787371007e0007017071007e01b17571007e00100000000271007e001a7371007e001b7371007e001f0000000000000000000000000000000000000000000000000000000000000000740005436f6c617370787371007e0022770c000000103f40000000000000787371007e0007017071007e01b17571007e00100000000271007e001a7371007e001b7371007e001f00000000000000000000000000000000000000000000000000000000000000007400054d6170617370787371007e0022770c000000103f40000000000000787371007e0007017071007e01b17571007e00100000000271007e001a7371007e001b7371007e001f00000000000000000000000000000000000000000000000000000000000000007400094974657261746f727370787371007e0022770c000000103f400000000000007870707070707871007e000c7571007e00100000000271007e001a7371007e001b7371007e001f000000000000000000000000000000000000000000000000000000000000000074000b436f6c656363696f6e657370787371007e0022770c000000103f40000000000000787371007e0007017371007e000d00000000000000037571007e00100000000a7371007e0007017071007e01d77571007e00100000000271007e001a7371007e001b7371007e001f0000000000000000000000000000000000000000000000000000000000000000740008436f6e636570746f70787371007e0022770c000000103f40000000000000787371007e0007017071007e01d77571007e00100000000271007e001a7371007e001b7371007e001f000000000000000000000000000000000000000000000000000000000000000074000d5265737472696363696f6e657370787371007e0022770c000000103f40000000000000787371007e0007017071007e01d77571007e00100000000271007e001a7371007e001b7371007e001f000000000000000000000000000000000000000000000000000000000000000074000f47656e2e20656e20436f6c6563632e70787371007e0022770c000000103f4000000000000078707070707070707871007e000c7571007e00100000000271007e001a7371007e001b7371007e001f000000000000000000000000000000000000000000000000000000000000000074000947656e657269636f7370787371007e0022770c000000103f40000000000000787371007e0007017371007e000d00000000000000037571007e00100000000a7371007e0007017071007e01f17571007e00100000000271007e001a7371007e001b7371007e001f0000000000000000000000000000000000000000000000000000000000000000740011496e742e2053657269616c697a61626c6570787371007e0022770c000000103f40000000000000787371007e0007017071007e01f17571007e00100000000271007e001a7371007e001b7371007e001f0000000000000000000000000000000000000000000000000000000000000000740008486572656e63696170787371007e0022770c000000103f40000000000000787371007e0007017071007e01f17571007e00100000000271007e001a7371007e001b7371007e001f0000000000000000000000000000000000000000000000000000000000000000740003584d4c70787371007e0022770c000000103f4000000000000078707070707070707871007e000c7571007e00100000000271007e001a7371007e001b7371007e001f000000000000000000000000000000000000000000000000000000000000000074000d53657269616c697a6163696f6e70787371007e0022770c000000103f40000000000000787371007e0007017371007e000d00000000000000047571007e00100000000a7371007e0007017071007e020b7571007e00100000000271007e001a7371007e001b7371007e001f000000000000000000000000000000000000000000000000000000000000000074000c41706c69636163696f6e657370787371007e0022770c000000103f40000000000000787371007e0007017371007e000d00000000000000027571007e00100000000a7371007e0007017071007e02147571007e00100000000271007e001a7371007e001b7371007e001f00000000000000000000000000000000000000000000000000000000000000007400084372656163696f6e70787371007e0022770c000000103f40000000000000787371007e0007017071007e02147571007e00100000000271007e001a7371007e001b7371007e001f000000000000000000000000000000000000000000000000000000000000000074000d4369636c6f206465207669646170787371007e0022770c000000103f400000000000007870707070707070707871007e020b7571007e00100000000271007e001a7371007e001b7371007e001f00000000000000000000000000000000000000000000000000000000000000007400075468726561647370787371007e0022770c000000103f40000000000000787371007e0007017071007e020b7571007e00100000000271007e001a7371007e001b7371007e001f0000000000000000000000000000000000000000000000000000000000000000740011496e74657266617a2052756e6e61626c6570787371007e0022770c000000103f40000000000000787371007e0007017371007e000d00000000000000037571007e00100000000a7371007e0007017371007e000d00000000000000027571007e00100000000a7371007e0007017071007e02317571007e00100000000271007e001a7371007e001b7371007e001f000000000000000000000000000000000000000000000000000000000000000074000953656e74656e63696170787371007e0022770c000000103f40000000000000787371007e0007017071007e02317571007e00100000000271007e001a7371007e001b7371007e001f00000000000000000000000000000000000000000000000000000000000000007400064d65746f646f70787371007e0022770c000000103f400000000000007870707070707070707871007e022e7571007e00100000000271007e001a7371007e001b7371007e001f000000000000000000000000000000000000000000000000000000000000000074000c53796e6368726f6e697a656470787371007e0022770c000000103f40000000000000787371007e0007017071007e022e7571007e00100000000271007e001a7371007e001b7371007e001f000000000000000000000000000000000000000000000000000000000000000074000d77616974202f206e6f7469667970787371007e0022770c000000103f40000000000000787371007e0007017071007e022e7571007e00100000000271007e001a7371007e001b7371007e001f000000000000000000000000000000000000000000000000000000000000000074000953656d61666f726f7370787371007e0022770c000000103f4000000000000078707070707070707871007e020b7571007e00100000000271007e001a7371007e001b7371007e001f000000000000000000000000000000000000000000000000000000000000000074000e53696e63726f6e697a6163696f6e70787371007e0022770c000000103f40000000000000787070707070707871007e000c7571007e00100000000271007e001a7371007e001b7371007e001f000000000000000000000000000000000000000000000000000000000000000074000c436f6e63757272656e63696170787371007e0022770c000000103f40000000000000787371007e0007017371007e000d00000000000000077571007e00100000000a7371007e0007017371007e000d00000000000000037571007e00100000000a7371007e0007017071007e025e7571007e00100000000271007e001a7371007e001b7371007e001f0000000000000000000000000000000000000000000000000000000000000000740008436f6e636570746f70787371007e0022770c000000103f40000000000000787371007e0007017071007e025e7571007e00100000000271007e001a7371007e001b7371007e001f000000000000000000000000000000000000000000000000000000000000000074000f55736f20646520506174726f6e657370787371007e0022770c000000103f40000000000000787371007e0007017071007e025e7571007e00100000000271007e001a7371007e001b7371007e001f000000000000000000000000000000000000000000000000000000000000000074000d436c6173696669636163696f6e70787371007e0022770c000000103f4000000000000078707070707070707871007e025b7571007e00100000000271007e001a7371007e001b7371007e001f000000000000000000000000000000000000000000000000000000000000000074000d52657574696c697a6163696f6e70787371007e0022770c000000103f40000000000000787371007e0007017071007e025b7571007e00100000000271007e001a7371007e001b7371007e001f000000000000000000000000000000000000000000000000000000000000000074000953696e676c65746f6e70787371007e0022770c000000103f40000000000000787371007e0007017071007e025b7571007e00100000000271007e001a7371007e001b7371007e001f0000000000000000000000000000000000000000000000000000000000000000740007466163746f727970787371007e0022770c000000103f40000000000000787371007e0007017071007e025b7571007e00100000000271007e001a7371007e001b7371007e001f00000000000000000000000000000000000000000000000000000000000000007400074f62657276657270787371007e0022770c000000103f40000000000000787371007e0007017071007e025b7571007e00100000000271007e001a7371007e001b7371007e001f00000000000000000000000000000000000000000000000000000000000000007400094465636f7261746f7270787371007e0022770c000000103f40000000000000787371007e0007017071007e025b7571007e00100000000271007e001a7371007e001b7371007e001f0000000000000000000000000000000000000000000000000000000000000000740005537461746570787371007e0022770c000000103f40000000000000787371007e0007017071007e025b7571007e00100000000271007e001a7371007e001b7371007e001f0000000000000000000000000000000000000000000000000000000000000000740007436f6d6d616e6470787371007e0022770c000000103f40000000000000787070707871007e000c7571007e00100000000271007e001a7371007e001b7371007e001f0000000000000000000000000000000000000000000000000000000000000000740008506174726f6e657370787371007e0022770c000000103f40000000000000787371007e0007017371007e000d00000000000000027571007e00100000000a7371007e0007017071007e02a17571007e00100000000271007e001a7371007e001b7371007e001f000000000000000000000000000000000000000000000000000000000000000074000a4d6f64656c6f204d564370787371007e0022770c000000103f40000000000000787371007e0007017371007e000d00000000000000057571007e00100000000a7371007e0007017071007e02aa7571007e00100000000271007e001a7371007e001b7371007e001f000000000000000000000000000000000000000000000000000000000000000074000a436f6e7461696e65727370787371007e0022770c000000103f40000000000000787371007e0007017071007e02aa7571007e00100000000271007e001a7371007e001b7371007e001f00000000000000000000000000000000000000000000000000000000000000007400074c61796f75747370787371007e0022770c000000103f40000000000000787371007e0007017071007e02aa7571007e00100000000271007e001a7371007e001b7371007e001f000000000000000000000000000000000000000000000000000000000000000074000a436f6d706f6e656e747370787371007e0022770c000000103f40000000000000787371007e0007017371007e000d00000000000000047571007e00100000000a7371007e0007017071007e02bf7571007e00100000000271007e001a7371007e001b7371007e001f00000000000000000000000000000000000000000000000000000000000000007400094c697374656e65727370787371007e0022770c000000103f40000000000000787371007e0007017071007e02bf7571007e00100000000271007e001a7371007e001b7371007e001f0000000000000000000000000000000000000000000000000000000000000000740008416461707465727370787371007e0022770c000000103f40000000000000787371007e0007017071007e02bf7571007e00100000000271007e001a7371007e001b7371007e001f000000000000000000000000000000000000000000000000000000000000000074000c496e6e65727320636c61737370787371007e0022770c000000103f40000000000000787371007e0007017071007e02bf7571007e00100000000271007e001a7371007e001b7371007e001f000000000000000000000000000000000000000000000000000000000000000074000f436c6173657320616e6f6e696d617370787371007e0022770c000000103f40000000000000787070707070707871007e02aa7571007e00100000000271007e001a7371007e001b7371007e001f00000000000000000000000000000000000000000000000000000000000000007400074576656e746f7370787371007e0022770c000000103f40000000000000787371007e0007017071007e02aa7571007e00100000000271007e001a7371007e001b7371007e001f000000000000000000000000000000000000000000000000000000000000000074000e75736f206465207779736977796770787371007e0022770c000000103f400000000000007870707070707871007e02a17571007e00100000000271007e001a7371007e001b7371007e001f000000000000000000000000000000000000000000000000000000000000000074000e44697365c3b16f2064652047554970787371007e0022770c000000103f400000000000007870707070707070707871007e000c7571007e00100000000271007e001a7371007e001b7371007e001f000000000000000000000000000000000000000000000000000000000000000074000347554970787371007e0022770c000000103f400000000000007870707070707078707571007e00100000000271007e001a7371007e001b7371007e001f000000000000000000000000000000000000000000000000000000000000000074001050726f6772616d6163696f6e2049494970787371007e0022770c000000103f4000000000000078737200216a617661782e7377696e672e747265652e44656661756c74547265654d6f64656ca7be91261ac5e5d90300035a001261736b73416c6c6f77734368696c6472656e4c000c6c697374656e65724c6973747400254c6a617661782f7377696e672f6576656e742f4576656e744c697374656e65724c6973743b4c0004726f6f7474001b4c6a617661782f7377696e672f747265652f547265654e6f64653b787000737200236a617661782e7377696e672e6576656e742e4576656e744c697374656e65724c697374b136c67d84ead6440300007870707871007e000c7371007e000d00000000000000027571007e00100000000a740004726f6f7471007e000c70707070707070707878);

-- --------------------------------------------------------

--
-- Estructura de tabla para la tabla `aux_cursada_alumno`
--

DROP TABLE IF EXISTS `aux_cursada_alumno`;
CREATE TABLE IF NOT EXISTS `aux_cursada_alumno` (
  `dni_alumno` bigint(20) NOT NULL,
  `id_cursada` int(11) NOT NULL
) ENGINE=InnoDB DEFAULT CHARSET=latin1;

--
-- Volcado de datos para la tabla `aux_cursada_alumno`
--

INSERT INTO `aux_cursada_alumno` (`dni_alumno`, `id_cursada`) VALUES
(2342342, 1),
(12631232, 1),
(28732123, 1),
(82748278, 1),
(345353435, 1),
(20123456, 1),
(45192891, 1),
(99999999, 3),
(23198293, 3),
(2342342, 3),
(12631232, 3),
(28732123, 3),
(82748278, 3),
(345353435, 3),
(293472923, 4),
(82748278, 4),
(2342342, 5),
(12342234, 5),
(99999999, 5),
(45192891, 5),
(12631232, 6),
(34987671, 6),
(2342342, 6),
(16254212, 6),
(28732123, 7),
(345353435, 7),
(20123456, 7),
(23198293, 7),
(82748278, 7),
(91827361, 7),
(16254212, 7),
(45192891, 8),
(28732123, 8),
(345353435, 8),
(20123456, 8),
(23198293, 8),
(82748278, 8),
(91827361, 8),
(16254212, 8),
(293472923, 9),
(12342234, 9),
(99999999, 9),
(45192891, 9),
(28732123, 9),
(345353435, 9),
(20123456, 9),
(23198293, 9),
(20123456, 10),
(23198293, 10),
(82748278, 10),
(91827361, 10),
(19183198, 10),
(16254212, 10);

-- --------------------------------------------------------

--
-- Estructura de tabla para la tabla `cursadas`
--

DROP TABLE IF EXISTS `cursadas`;
CREATE TABLE IF NOT EXISTS `cursadas` (
`id` int(4) NOT NULL,
  `codigo_asignatura` varchar(10) DEFAULT NULL,
  `anio` int(5) NOT NULL,
  `cuatrimestre` int(1) NOT NULL
) ENGINE=InnoDB  DEFAULT CHARSET=latin1 AUTO_INCREMENT=11 ;

--
-- Volcado de datos para la tabla `cursadas`
--

INSERT INTO `cursadas` (`id`, `codigo_asignatura`, `anio`, `cuatrimestre`) VALUES
(1, 'm1', 2016, 1),
(3, 'h2', 2015, 1),
(4, 'm1', 2016, 2),
(5, 'm1', 2015, 1),
(6, 'm1', 2015, 2),
(7, 'Fis001', 2013, 1),
(8, 'g002', 2014, 2),
(9, 'c001', 2016, 2),
(10, 'c001', 2016, 1);

-- --------------------------------------------------------

--
-- Estructura de tabla para la tabla `examenes`
--

DROP TABLE IF EXISTS `examenes`;
CREATE TABLE IF NOT EXISTS `examenes` (
`id_examen` int(11) NOT NULL,
  `dni_alumno` bigint(20) NOT NULL,
  `id_instancia_ev` int(4) NOT NULL,
  `arbol_particular` blob NOT NULL
) ENGINE=InnoDB  DEFAULT CHARSET=latin1 AUTO_INCREMENT=8 ;

-- --------------------------------------------------------

--
-- Estructura de tabla para la tabla `instancias_evaluaciones`
--

DROP TABLE IF EXISTS `instancias_evaluaciones`;
CREATE TABLE IF NOT EXISTS `instancias_evaluaciones` (
`id` int(4) NOT NULL,
  `id_parcial` int(4) NOT NULL,
  `descripcion` varchar(40) NOT NULL,
  `fecha` date NOT NULL
) ENGINE=InnoDB  DEFAULT CHARSET=latin1 AUTO_INCREMENT=3 ;

-- --------------------------------------------------------

--
-- Estructura de tabla para la tabla `parciales`
--

DROP TABLE IF EXISTS `parciales`;
CREATE TABLE IF NOT EXISTS `parciales` (
`id` int(4) NOT NULL,
  `id_cursada` int(4) NOT NULL,
  `nombre` varchar(30) NOT NULL,
  `arbol_podado` blob NOT NULL
) ENGINE=InnoDB  DEFAULT CHARSET=latin1 AUTO_INCREMENT=5 ;

--
-- Índices para tablas volcadas
--

--
-- Indices de la tabla `alumnos`
--
ALTER TABLE `alumnos`
 ADD PRIMARY KEY (`dni`);

--
-- Indices de la tabla `asignaturas`
--
ALTER TABLE `asignaturas`
 ADD PRIMARY KEY (`codigo`);

--
-- Indices de la tabla `cursadas`
--
ALTER TABLE `cursadas`
 ADD PRIMARY KEY (`id`);

--
-- Indices de la tabla `examenes`
--
ALTER TABLE `examenes`
 ADD PRIMARY KEY (`id_examen`);

--
-- Indices de la tabla `instancias_evaluaciones`
--
ALTER TABLE `instancias_evaluaciones`
 ADD PRIMARY KEY (`id`);

--
-- Indices de la tabla `parciales`
--
ALTER TABLE `parciales`
 ADD PRIMARY KEY (`id`);

--
-- AUTO_INCREMENT de las tablas volcadas
--

--
-- AUTO_INCREMENT de la tabla `cursadas`
--
ALTER TABLE `cursadas`
MODIFY `id` int(4) NOT NULL AUTO_INCREMENT,AUTO_INCREMENT=11;
--
-- AUTO_INCREMENT de la tabla `examenes`
--
ALTER TABLE `examenes`
MODIFY `id_examen` int(11) NOT NULL AUTO_INCREMENT,AUTO_INCREMENT=8;
--
-- AUTO_INCREMENT de la tabla `instancias_evaluaciones`
--
ALTER TABLE `instancias_evaluaciones`
MODIFY `id` int(4) NOT NULL AUTO_INCREMENT,AUTO_INCREMENT=3;
--
-- AUTO_INCREMENT de la tabla `parciales`
--
ALTER TABLE `parciales`
MODIFY `id` int(4) NOT NULL AUTO_INCREMENT,AUTO_INCREMENT=5;
/*!40101 SET CHARACTER_SET_CLIENT=@OLD_CHARACTER_SET_CLIENT */;
/*!40101 SET CHARACTER_SET_RESULTS=@OLD_CHARACTER_SET_RESULTS */;
/*!40101 SET COLLATION_CONNECTION=@OLD_COLLATION_CONNECTION */;
